"Raumbezug","Jahr","Ausprägung","Wert","Index"
"01 Altstadt - Lehel",2000,"deutsch",2263,100
"01 Altstadt - Lehel",2001,"deutsch",2133,94.2554131683606
"01 Altstadt - Lehel",2002,"deutsch",2060,91.0296067167477
"01 Altstadt - Lehel",2003,"deutsch",1959,86.5665046398586
"01 Altstadt - Lehel",2004,"deutsch",2084,92.0901458241273
"01 Altstadt - Lehel",2005,"deutsch",2205,97.4370304904993
"01 Altstadt - Lehel",2006,"deutsch",2165,95.6694653115334
"01 Altstadt - Lehel",2007,"deutsch",2231,98.5859478568272
"01 Altstadt - Lehel",2008,"deutsch",2308,101.988510826337
"01 Altstadt - Lehel",2009,"deutsch",2343,103.535130357932
"01 Altstadt - Lehel",2010,"deutsch",2382,105.258506407424
"01 Altstadt - Lehel",2011,"deutsch",2352,103.932832523199
"01 Altstadt - Lehel",2012,"deutsch",2051,90.6319045514803
"01 Altstadt - Lehel",2013,"deutsch",2154,95.1833848873177
"01 Altstadt - Lehel",2014,"deutsch",2028,89.6155545735749
"01 Altstadt - Lehel",2015,"deutsch",1936,85.5501546619532
"01 Altstadt - Lehel",2016,"deutsch",1974,87.2293415819708
"01 Altstadt - Lehel",2017,"deutsch",1808,79.893946089262
"01 Altstadt - Lehel",2018,"deutsch",1922,84.9315068493151
"01 Altstadt - Lehel",2019,"deutsch",1903,84.0919133893062
"01 Altstadt - Lehel",2020,"deutsch",1860,82.1917808219178
"01 Altstadt - Lehel",2021,"deutsch",2149,94.962439239947
"01 Altstadt - Lehel",2022,"deutsch",1662,73.4423331860362
"01 Altstadt - Lehel",2023,"deutsch",1829,80.8219178082192
"01 Altstadt - Lehel",2024,"deutsch",1696,74.9447635881573
"01 Altstadt - Lehel",2000,"nichtdeutsch",1700,100
"01 Altstadt - Lehel",2001,"nichtdeutsch",1565,92.0588235294118
"01 Altstadt - Lehel",2002,"nichtdeutsch",1354,79.6470588235294
"01 Altstadt - Lehel",2003,"nichtdeutsch",1349,79.3529411764706
"01 Altstadt - Lehel",2004,"nichtdeutsch",1328,78.1176470588235
"01 Altstadt - Lehel",2005,"nichtdeutsch",1322,77.7647058823529
"01 Altstadt - Lehel",2006,"nichtdeutsch",1173,69
"01 Altstadt - Lehel",2007,"nichtdeutsch",1307,76.8823529411765
"01 Altstadt - Lehel",2008,"nichtdeutsch",1377,81
"01 Altstadt - Lehel",2009,"nichtdeutsch",1295,76.1764705882353
"01 Altstadt - Lehel",2010,"nichtdeutsch",1366,80.3529411764706
"01 Altstadt - Lehel",2011,"nichtdeutsch",1573,92.5294117647059
"01 Altstadt - Lehel",2012,"nichtdeutsch",1783,104.882352941176
"01 Altstadt - Lehel",2013,"nichtdeutsch",1940,114.117647058824
"01 Altstadt - Lehel",2014,"nichtdeutsch",1941,114.176470588235
"01 Altstadt - Lehel",2015,"nichtdeutsch",1824,107.294117647059
"01 Altstadt - Lehel",2016,"nichtdeutsch",1887,111
"01 Altstadt - Lehel",2017,"nichtdeutsch",1716,100.941176470588
"01 Altstadt - Lehel",2018,"nichtdeutsch",1761,103.588235294118
"01 Altstadt - Lehel",2019,"nichtdeutsch",1475,86.7647058823529
"01 Altstadt - Lehel",2020,"nichtdeutsch",1183,69.5882352941177
"01 Altstadt - Lehel",2021,"nichtdeutsch",1346,79.1764705882353
"01 Altstadt - Lehel",2022,"nichtdeutsch",2002,117.764705882353
"01 Altstadt - Lehel",2023,"nichtdeutsch",1737,102.176470588235
"01 Altstadt - Lehel",2024,"nichtdeutsch",1649,97
"02 Ludwigsvorstadt - Isarvorstadt",2000,"deutsch",5624,100
"02 Ludwigsvorstadt - Isarvorstadt",2001,"deutsch",5296,94.1678520625889
"02 Ludwigsvorstadt - Isarvorstadt",2002,"deutsch",5088,90.4694167852063
"02 Ludwigsvorstadt - Isarvorstadt",2003,"deutsch",5073,90.2027027027027
"02 Ludwigsvorstadt - Isarvorstadt",2004,"deutsch",5505,97.8840682788051
"02 Ludwigsvorstadt - Isarvorstadt",2005,"deutsch",5416,96.3015647226173
"02 Ludwigsvorstadt - Isarvorstadt",2006,"deutsch",5733,101.938122332859
"02 Ludwigsvorstadt - Isarvorstadt",2007,"deutsch",5949,105.77880512091
"02 Ludwigsvorstadt - Isarvorstadt",2008,"deutsch",6245,111.041963015647
"02 Ludwigsvorstadt - Isarvorstadt",2009,"deutsch",6177,109.832859174964
"02 Ludwigsvorstadt - Isarvorstadt",2010,"deutsch",6237,110.899715504979
"02 Ludwigsvorstadt - Isarvorstadt",2011,"deutsch",5954,105.867709815078
"02 Ludwigsvorstadt - Isarvorstadt",2012,"deutsch",5588,99.3598862019915
"02 Ludwigsvorstadt - Isarvorstadt",2013,"deutsch",5344,95.0213371266003
"02 Ludwigsvorstadt - Isarvorstadt",2014,"deutsch",5277,93.8300142247511
"02 Ludwigsvorstadt - Isarvorstadt",2015,"deutsch",5638,100.24893314367
"02 Ludwigsvorstadt - Isarvorstadt",2016,"deutsch",4845,86.1486486486486
"02 Ludwigsvorstadt - Isarvorstadt",2017,"deutsch",4773,84.8684210526316
"02 Ludwigsvorstadt - Isarvorstadt",2018,"deutsch",4880,86.7709815078236
"02 Ludwigsvorstadt - Isarvorstadt",2019,"deutsch",4784,85.0640113798008
"02 Ludwigsvorstadt - Isarvorstadt",2020,"deutsch",4643,82.5568990042674
"02 Ludwigsvorstadt - Isarvorstadt",2021,"deutsch",5319,94.576813655761
"02 Ludwigsvorstadt - Isarvorstadt",2022,"deutsch",4707,83.6948790896159
"02 Ludwigsvorstadt - Isarvorstadt",2023,"deutsch",4263,75.8001422475107
"02 Ludwigsvorstadt - Isarvorstadt",2024,"deutsch",4373,77.7560455192034
"02 Ludwigsvorstadt - Isarvorstadt",2000,"nichtdeutsch",4964,100
"02 Ludwigsvorstadt - Isarvorstadt",2001,"nichtdeutsch",4901,98.7308622078968
"02 Ludwigsvorstadt - Isarvorstadt",2002,"nichtdeutsch",4731,95.3062046736503
"02 Ludwigsvorstadt - Isarvorstadt",2003,"nichtdeutsch",4448,89.6051571313457
"02 Ludwigsvorstadt - Isarvorstadt",2004,"nichtdeutsch",4667,94.016921837228
"02 Ludwigsvorstadt - Isarvorstadt",2005,"nichtdeutsch",4718,95.044319097502
"02 Ludwigsvorstadt - Isarvorstadt",2006,"nichtdeutsch",4187,84.3473005640612
"02 Ludwigsvorstadt - Isarvorstadt",2007,"nichtdeutsch",4398,88.5979049153908
"02 Ludwigsvorstadt - Isarvorstadt",2008,"nichtdeutsch",4766,96.0112812248187
"02 Ludwigsvorstadt - Isarvorstadt",2009,"nichtdeutsch",4923,99.174053182917
"02 Ludwigsvorstadt - Isarvorstadt",2010,"nichtdeutsch",4805,96.7969379532635
"02 Ludwigsvorstadt - Isarvorstadt",2011,"nichtdeutsch",4915,99.0128928283642
"02 Ludwigsvorstadt - Isarvorstadt",2012,"nichtdeutsch",5410,108.984689766317
"02 Ludwigsvorstadt - Isarvorstadt",2013,"nichtdeutsch",6088,122.643029814666
"02 Ludwigsvorstadt - Isarvorstadt",2014,"nichtdeutsch",6962,140.249798549557
"02 Ludwigsvorstadt - Isarvorstadt",2015,"nichtdeutsch",7048,141.982272360999
"02 Ludwigsvorstadt - Isarvorstadt",2016,"nichtdeutsch",5804,116.921837228042
"02 Ludwigsvorstadt - Isarvorstadt",2017,"nichtdeutsch",5286,106.486704270749
"02 Ludwigsvorstadt - Isarvorstadt",2018,"nichtdeutsch",4889,98.4891216760677
"02 Ludwigsvorstadt - Isarvorstadt",2019,"nichtdeutsch",4511,90.8742949234488
"02 Ludwigsvorstadt - Isarvorstadt",2020,"nichtdeutsch",3626,73.0459307010476
"02 Ludwigsvorstadt - Isarvorstadt",2021,"nichtdeutsch",4007,80.7211925866237
"02 Ludwigsvorstadt - Isarvorstadt",2022,"nichtdeutsch",5640,113.61804995971
"02 Ludwigsvorstadt - Isarvorstadt",2023,"nichtdeutsch",4192,84.4480257856567
"02 Ludwigsvorstadt - Isarvorstadt",2024,"nichtdeutsch",3779,76.1281224818695
"03 Maxvorstadt",2000,"deutsch",4679,100
"03 Maxvorstadt",2001,"deutsch",4589,98.0765120752297
"03 Maxvorstadt",2002,"deutsch",4468,95.4904894208164
"03 Maxvorstadt",2003,"deutsch",4579,97.8627911946997
"03 Maxvorstadt",2004,"deutsch",5144,109.938020944646
"03 Maxvorstadt",2005,"deutsch",5175,110.600555674289
"03 Maxvorstadt",2006,"deutsch",6387,136.503526394529
"03 Maxvorstadt",2007,"deutsch",6612,141.312246206454
"03 Maxvorstadt",2008,"deutsch",6794,145.201966232101
"03 Maxvorstadt",2009,"deutsch",6570,140.414618508228
"03 Maxvorstadt",2010,"deutsch",6689,142.957896986536
"03 Maxvorstadt",2011,"deutsch",6102,130.412481299423
"03 Maxvorstadt",2012,"deutsch",6092,130.198760418893
"03 Maxvorstadt",2013,"deutsch",5712,122.077366958752
"03 Maxvorstadt",2014,"deutsch",5768,123.27420388972
"03 Maxvorstadt",2015,"deutsch",5787,123.680273562727
"03 Maxvorstadt",2016,"deutsch",5382,115.024577901261
"03 Maxvorstadt",2017,"deutsch",5277,112.780508655696
"03 Maxvorstadt",2018,"deutsch",5509,117.738833083992
"03 Maxvorstadt",2019,"deutsch",5409,115.601624278692
"03 Maxvorstadt",2020,"deutsch",5368,114.725368668519
"03 Maxvorstadt",2021,"deutsch",6005,128.339388758282
"03 Maxvorstadt",2022,"deutsch",5229,111.754648429152
"03 Maxvorstadt",2023,"deutsch",5037,107.651207522975
"03 Maxvorstadt",2024,"deutsch",5149,110.044881384911
"03 Maxvorstadt",2000,"nichtdeutsch",3545,100
"03 Maxvorstadt",2001,"nichtdeutsch",3787,106.826516220028
"03 Maxvorstadt",2002,"nichtdeutsch",3658,103.187588152327
"03 Maxvorstadt",2003,"nichtdeutsch",3462,97.6586741889986
"03 Maxvorstadt",2004,"nichtdeutsch",3587,101.184767277856
"03 Maxvorstadt",2005,"nichtdeutsch",3401,95.9379407616361
"03 Maxvorstadt",2006,"nichtdeutsch",3644,102.792665726375
"03 Maxvorstadt",2007,"nichtdeutsch",3501,98.7588152327221
"03 Maxvorstadt",2008,"nichtdeutsch",3353,94.5839210155148
"03 Maxvorstadt",2009,"nichtdeutsch",3921,110.606488011284
"03 Maxvorstadt",2010,"nichtdeutsch",4045,114.10437235543
"03 Maxvorstadt",2011,"nichtdeutsch",3913,110.380818053597
"03 Maxvorstadt",2012,"nichtdeutsch",4350,122.708039492243
"03 Maxvorstadt",2013,"nichtdeutsch",4650,131.170662905501
"03 Maxvorstadt",2014,"nichtdeutsch",4731,133.45557122708
"03 Maxvorstadt",2015,"nichtdeutsch",5326,150.239774330042
"03 Maxvorstadt",2016,"nichtdeutsch",5345,150.775740479549
"03 Maxvorstadt",2017,"nichtdeutsch",4483,126.459802538787
"03 Maxvorstadt",2018,"nichtdeutsch",4272,120.507757404795
"03 Maxvorstadt",2019,"nichtdeutsch",4242,119.66149506347
"03 Maxvorstadt",2020,"nichtdeutsch",3576,100.874471086037
"03 Maxvorstadt",2021,"nichtdeutsch",4217,118.956276445698
"03 Maxvorstadt",2022,"nichtdeutsch",6006,169.421720733427
"03 Maxvorstadt",2023,"nichtdeutsch",4809,135.655853314527
"03 Maxvorstadt",2024,"nichtdeutsch",4171,117.658674188999
"04 Schwabing - West",2000,"deutsch",5339,100
"04 Schwabing - West",2001,"deutsch",4906,91.8898670162952
"04 Schwabing - West",2002,"deutsch",5001,93.6692264469002
"04 Schwabing - West",2003,"deutsch",5178,96.9844540176063
"04 Schwabing - West",2004,"deutsch",6320,118.374227383405
"04 Schwabing - West",2005,"deutsch",5998,112.343135418618
"04 Schwabing - West",2006,"deutsch",6969,130.530061809328
"04 Schwabing - West",2007,"deutsch",7233,135.474808016482
"04 Schwabing - West",2008,"deutsch",7377,138.171942311294
"04 Schwabing - West",2009,"deutsch",6743,126.297059374415
"04 Schwabing - West",2010,"deutsch",6874,128.750702378723
"04 Schwabing - West",2011,"deutsch",6585,123.33770368983
"04 Schwabing - West",2012,"deutsch",6590,123.431354186177
"04 Schwabing - West",2013,"deutsch",6214,116.388836860835
"04 Schwabing - West",2014,"deutsch",6312,118.224386589249
"04 Schwabing - West",2015,"deutsch",6606,123.73103577449
"04 Schwabing - West",2016,"deutsch",6217,116.445027158644
"04 Schwabing - West",2017,"deutsch",5852,109.608540925267
"04 Schwabing - West",2018,"deutsch",5694,106.649185240682
"04 Schwabing - West",2019,"deutsch",5773,108.128863082974
"04 Schwabing - West",2020,"deutsch",5891,110.339014796778
"04 Schwabing - West",2021,"deutsch",6369,119.292002247612
"04 Schwabing - West",2022,"deutsch",5397,101.086345757633
"04 Schwabing - West",2023,"deutsch",5280,98.894924143098
"04 Schwabing - West",2024,"deutsch",5440,101.891740026222
"04 Schwabing - West",2000,"nichtdeutsch",3889,100
"04 Schwabing - West",2001,"nichtdeutsch",4206,108.151195680123
"04 Schwabing - West",2002,"nichtdeutsch",3780,97.1972229364875
"04 Schwabing - West",2003,"nichtdeutsch",4238,108.974029313448
"04 Schwabing - West",2004,"nichtdeutsch",4490,115.453844175881
"04 Schwabing - West",2005,"nichtdeutsch",3839,98.7143224479301
"04 Schwabing - West",2006,"nichtdeutsch",3701,95.165852404217
"04 Schwabing - West",2007,"nichtdeutsch",3649,93.8287477500643
"04 Schwabing - West",2008,"nichtdeutsch",3496,89.8945744407303
"04 Schwabing - West",2009,"nichtdeutsch",3637,93.5201851375675
"04 Schwabing - West",2010,"nichtdeutsch",3771,96.9658009771149
"04 Schwabing - West",2011,"nichtdeutsch",4031,103.651324247879
"04 Schwabing - West",2012,"nichtdeutsch",4267,109.719722293649
"04 Schwabing - West",2013,"nichtdeutsch",4436,114.065312419645
"04 Schwabing - West",2014,"nichtdeutsch",4645,119.439444587298
"04 Schwabing - West",2015,"nichtdeutsch",4765,122.525070712265
"04 Schwabing - West",2016,"nichtdeutsch",4558,117.202365646696
"04 Schwabing - West",2017,"nichtdeutsch",4446,114.322447930059
"04 Schwabing - West",2018,"nichtdeutsch",4422,113.705322705066
"04 Schwabing - West",2019,"nichtdeutsch",4440,114.168166623811
"04 Schwabing - West",2020,"nichtdeutsch",3961,101.851375674981
"04 Schwabing - West",2021,"nichtdeutsch",4457,114.605296991515
"04 Schwabing - West",2022,"nichtdeutsch",5536,142.350218565184
"04 Schwabing - West",2023,"nichtdeutsch",4324,111.185394703008
"04 Schwabing - West",2024,"nichtdeutsch",4173,107.302648495757
"05 Au - Haidhausen",2000,"deutsch",5279,100
"05 Au - Haidhausen",2001,"deutsch",5008,94.8664519795416
"05 Au - Haidhausen",2002,"deutsch",4842,91.7219170297405
"05 Au - Haidhausen",2003,"deutsch",4918,93.1615836332639
"05 Au - Haidhausen",2004,"deutsch",5491,104.015912104565
"05 Au - Haidhausen",2005,"deutsch",6117,115.874218602008
"05 Au - Haidhausen",2006,"deutsch",6209,117.616972911536
"05 Au - Haidhausen",2007,"deutsch",6473,122.617920060618
"05 Au - Haidhausen",2008,"deutsch",6412,121.462398181474
"05 Au - Haidhausen",2009,"deutsch",6237,118.147376397045
"05 Au - Haidhausen",2010,"deutsch",6180,117.067626444402
"05 Au - Haidhausen",2011,"deutsch",6170,116.878196628149
"05 Au - Haidhausen",2012,"deutsch",6071,115.002841447244
"05 Au - Haidhausen",2013,"deutsch",5584,105.777609395719
"05 Au - Haidhausen",2014,"deutsch",5342,101.193407842394
"05 Au - Haidhausen",2015,"deutsch",5286,100.132600871377
"05 Au - Haidhausen",2016,"deutsch",4924,93.2752415230157
"05 Au - Haidhausen",2017,"deutsch",5242,99.2991096798636
"05 Au - Haidhausen",2018,"deutsch",5018,95.0558817957947
"05 Au - Haidhausen",2019,"deutsch",4915,93.1047546883879
"05 Au - Haidhausen",2020,"deutsch",5675,107.501420723622
"05 Au - Haidhausen",2021,"deutsch",5836,110.551240765296
"05 Au - Haidhausen",2022,"deutsch",5210,98.6929342678538
"05 Au - Haidhausen",2023,"deutsch",5062,95.8893729873082
"05 Au - Haidhausen",2024,"deutsch",4546,86.1147944686494
"05 Au - Haidhausen",2000,"nichtdeutsch",3662,100
"05 Au - Haidhausen",2001,"nichtdeutsch",3694,100.873839432004
"05 Au - Haidhausen",2002,"nichtdeutsch",3709,101.283451665756
"05 Au - Haidhausen",2003,"nichtdeutsch",3511,95.8765701802294
"05 Au - Haidhausen",2004,"nichtdeutsch",3697,100.955761878755
"05 Au - Haidhausen",2005,"nichtdeutsch",3379,92.2719825232114
"05 Au - Haidhausen",2006,"nichtdeutsch",3161,86.3189513926816
"05 Au - Haidhausen",2007,"nichtdeutsch",2874,78.4817039868924
"05 Au - Haidhausen",2008,"nichtdeutsch",3085,84.2435827416712
"05 Au - Haidhausen",2009,"nichtdeutsch",3187,87.0289459311851
"05 Au - Haidhausen",2010,"nichtdeutsch",3261,89.0496996176952
"05 Au - Haidhausen",2011,"nichtdeutsch",3540,96.6684871654833
"05 Au - Haidhausen",2012,"nichtdeutsch",3941,107.618787547788
"05 Au - Haidhausen",2013,"nichtdeutsch",4032,110.103768432551
"05 Au - Haidhausen",2014,"nichtdeutsch",4262,116.384489350082
"05 Au - Haidhausen",2015,"nichtdeutsch",4318,117.91370835609
"05 Au - Haidhausen",2016,"nichtdeutsch",4085,111.551064991808
"05 Au - Haidhausen",2017,"nichtdeutsch",3916,106.936100491535
"05 Au - Haidhausen",2018,"nichtdeutsch",3852,105.188421627526
"05 Au - Haidhausen",2019,"nichtdeutsch",3755,102.539595849263
"05 Au - Haidhausen",2020,"nichtdeutsch",3328,90.8793009284544
"05 Au - Haidhausen",2021,"nichtdeutsch",3779,103.194975423266
"05 Au - Haidhausen",2022,"nichtdeutsch",4975,135.854724194429
"05 Au - Haidhausen",2023,"nichtdeutsch",3753,102.484980884762
"05 Au - Haidhausen",2024,"nichtdeutsch",3006,82.0862916439104
"06 Sendling",2000,"deutsch",3149,100
"06 Sendling",2001,"deutsch",3476,110.384248967926
"06 Sendling",2002,"deutsch",3367,106.922832645284
"06 Sendling",2003,"deutsch",3231,102.604001270245
"06 Sendling",2004,"deutsch",3668,116.481422673865
"06 Sendling",2005,"deutsch",3494,110.955859002858
"06 Sendling",2006,"deutsch",3738,118.704350587488
"06 Sendling",2007,"deutsch",3994,126.833915528739
"06 Sendling",2008,"deutsch",3942,125.182597650048
"06 Sendling",2009,"deutsch",3983,126.48459828517
"06 Sendling",2010,"deutsch",3986,126.579866624325
"06 Sendling",2011,"deutsch",3645,115.751032073674
"06 Sendling",2012,"deutsch",3418,108.542394410924
"06 Sendling",2013,"deutsch",3312,105.176246427437
"06 Sendling",2014,"deutsch",3235,102.731025722452
"06 Sendling",2015,"deutsch",3267,103.747221340108
"06 Sendling",2016,"deutsch",3210,101.937122896158
"06 Sendling",2017,"deutsch",3191,101.333756748174
"06 Sendling",2018,"deutsch",3134,99.5236583042236
"06 Sendling",2019,"deutsch",2993,95.0460463639251
"06 Sendling",2020,"deutsch",3048,96.792632581772
"06 Sendling",2021,"deutsch",3386,107.526198793268
"06 Sendling",2022,"deutsch",2896,91.9657033979041
"06 Sendling",2023,"deutsch",2678,85.0428707526199
"06 Sendling",2024,"deutsch",2784,88.4090187361067
"06 Sendling",2000,"nichtdeutsch",2348,100
"06 Sendling",2001,"nichtdeutsch",2422,103.151618398637
"06 Sendling",2002,"nichtdeutsch",2303,98.0834752981261
"06 Sendling",2003,"nichtdeutsch",2288,97.4446337308348
"06 Sendling",2004,"nichtdeutsch",2552,108.688245315162
"06 Sendling",2005,"nichtdeutsch",2433,103.620102214651
"06 Sendling",2006,"nichtdeutsch",2296,97.7853492333901
"06 Sendling",2007,"nichtdeutsch",2266,96.5076660988075
"06 Sendling",2008,"nichtdeutsch",2392,101.873935264055
"06 Sendling",2009,"nichtdeutsch",2434,103.66269165247
"06 Sendling",2010,"nichtdeutsch",2361,100.553662691652
"06 Sendling",2011,"nichtdeutsch",2568,109.369676320273
"06 Sendling",2012,"nichtdeutsch",2619,111.541737649063
"06 Sendling",2013,"nichtdeutsch",2616,111.413969335605
"06 Sendling",2014,"nichtdeutsch",3021,128.66269165247
"06 Sendling",2015,"nichtdeutsch",2830,120.528109028961
"06 Sendling",2016,"nichtdeutsch",2575,109.667802385009
"06 Sendling",2017,"nichtdeutsch",2484,105.792163543441
"06 Sendling",2018,"nichtdeutsch",2455,104.557069846678
"06 Sendling",2019,"nichtdeutsch",2658,113.20272572402
"06 Sendling",2020,"nichtdeutsch",2054,87.4787052810903
"06 Sendling",2021,"nichtdeutsch",2434,103.66269165247
"06 Sendling",2022,"nichtdeutsch",2881,122.700170357751
"06 Sendling",2023,"nichtdeutsch",2523,107.453151618399
"06 Sendling",2024,"nichtdeutsch",2353,100.212947189097
"07 Sendling - Westpark",2000,"deutsch",3810,100
"07 Sendling - Westpark",2001,"deutsch",3644,95.6430446194226
"07 Sendling - Westpark",2002,"deutsch",3597,94.4094488188976
"07 Sendling - Westpark",2003,"deutsch",3823,100.341207349081
"07 Sendling - Westpark",2004,"deutsch",4092,107.40157480315
"07 Sendling - Westpark",2005,"deutsch",4307,113.044619422572
"07 Sendling - Westpark",2006,"deutsch",4346,114.068241469816
"07 Sendling - Westpark",2007,"deutsch",4817,126.430446194226
"07 Sendling - Westpark",2008,"deutsch",4947,129.842519685039
"07 Sendling - Westpark",2009,"deutsch",4768,125.144356955381
"07 Sendling - Westpark",2010,"deutsch",4431,116.299212598425
"07 Sendling - Westpark",2011,"deutsch",4543,119.238845144357
"07 Sendling - Westpark",2012,"deutsch",4396,115.380577427822
"07 Sendling - Westpark",2013,"deutsch",4224,110.866141732283
"07 Sendling - Westpark",2014,"deutsch",4190,109.97375328084
"07 Sendling - Westpark",2015,"deutsch",4598,120.682414698163
"07 Sendling - Westpark",2016,"deutsch",4339,113.884514435696
"07 Sendling - Westpark",2017,"deutsch",4100,107.61154855643
"07 Sendling - Westpark",2018,"deutsch",3607,94.6719160104987
"07 Sendling - Westpark",2019,"deutsch",3878,101.784776902887
"07 Sendling - Westpark",2020,"deutsch",3759,98.6614173228346
"07 Sendling - Westpark",2021,"deutsch",4068,106.771653543307
"07 Sendling - Westpark",2022,"deutsch",3848,100.997375328084
"07 Sendling - Westpark",2023,"deutsch",3659,96.0367454068241
"07 Sendling - Westpark",2024,"deutsch",3531,92.6771653543307
"07 Sendling - Westpark",2000,"nichtdeutsch",3069,100
"07 Sendling - Westpark",2001,"nichtdeutsch",2984,97.2303681981101
"07 Sendling - Westpark",2002,"nichtdeutsch",2540,82.7631150211795
"07 Sendling - Westpark",2003,"nichtdeutsch",2747,89.5079830563702
"07 Sendling - Westpark",2004,"nichtdeutsch",3102,101.075268817204
"07 Sendling - Westpark",2005,"nichtdeutsch",2838,92.4731182795699
"07 Sendling - Westpark",2006,"nichtdeutsch",2629,85.663082437276
"07 Sendling - Westpark",2007,"nichtdeutsch",2551,83.1215379602476
"07 Sendling - Westpark",2008,"nichtdeutsch",2596,84.5878136200717
"07 Sendling - Westpark",2009,"nichtdeutsch",2730,88.9540566959922
"07 Sendling - Westpark",2010,"nichtdeutsch",2831,92.2450309547084
"07 Sendling - Westpark",2011,"nichtdeutsch",3268,106.484196806777
"07 Sendling - Westpark",2012,"nichtdeutsch",3569,116.291951775823
"07 Sendling - Westpark",2013,"nichtdeutsch",3623,118.051482567612
"07 Sendling - Westpark",2014,"nichtdeutsch",3958,128.967090257413
"07 Sendling - Westpark",2015,"nichtdeutsch",4499,146.594982078853
"07 Sendling - Westpark",2016,"nichtdeutsch",3912,127.468230694037
"07 Sendling - Westpark",2017,"nichtdeutsch",3902,127.142391658521
"07 Sendling - Westpark",2018,"nichtdeutsch",3474,113.196480938416
"07 Sendling - Westpark",2019,"nichtdeutsch",3935,128.217660475725
"07 Sendling - Westpark",2020,"nichtdeutsch",3173,103.388725969371
"07 Sendling - Westpark",2021,"nichtdeutsch",3702,120.625610948192
"07 Sendling - Westpark",2022,"nichtdeutsch",5127,167.057673509286
"07 Sendling - Westpark",2023,"nichtdeutsch",4213,137.275985663082
"07 Sendling - Westpark",2024,"nichtdeutsch",4217,137.406321277289
"08 Schwanthalerhöhe",2000,"deutsch",2097,100
"08 Schwanthalerhöhe",2001,"deutsch",2142,102.145922746781
"08 Schwanthalerhöhe",2002,"deutsch",2119,101.049117787315
"08 Schwanthalerhöhe",2003,"deutsch",2188,104.339532665713
"08 Schwanthalerhöhe",2004,"deutsch",2764,131.807343824511
"08 Schwanthalerhöhe",2005,"deutsch",2426,115.689079637577
"08 Schwanthalerhöhe",2006,"deutsch",2477,118.121125417263
"08 Schwanthalerhöhe",2007,"deutsch",2768,131.998092513114
"08 Schwanthalerhöhe",2008,"deutsch",3134,149.451597520267
"08 Schwanthalerhöhe",2009,"deutsch",2945,140.438721983786
"08 Schwanthalerhöhe",2010,"deutsch",2773,132.236528373867
"08 Schwanthalerhöhe",2011,"deutsch",2748,131.0443490701
"08 Schwanthalerhöhe",2012,"deutsch",2615,124.701955174058
"08 Schwanthalerhöhe",2013,"deutsch",2352,112.160228898426
"08 Schwanthalerhöhe",2014,"deutsch",2389,113.924654268002
"08 Schwanthalerhöhe",2015,"deutsch",2323,110.777300906056
"08 Schwanthalerhöhe",2016,"deutsch",2184,104.14878397711
"08 Schwanthalerhöhe",2017,"deutsch",2042,97.377205531712
"08 Schwanthalerhöhe",2018,"deutsch",2159,102.956604673343
"08 Schwanthalerhöhe",2019,"deutsch",2140,102.05054840248
"08 Schwanthalerhöhe",2020,"deutsch",2051,97.8063900810682
"08 Schwanthalerhöhe",2021,"deutsch",2255,107.534573199809
"08 Schwanthalerhöhe",2022,"deutsch",1958,93.3714830710539
"08 Schwanthalerhöhe",2023,"deutsch",1864,88.8888888888889
"08 Schwanthalerhöhe",2024,"deutsch",1853,88.3643299952313
"08 Schwanthalerhöhe",2000,"nichtdeutsch",2520,100
"08 Schwanthalerhöhe",2001,"nichtdeutsch",2625,104.166666666667
"08 Schwanthalerhöhe",2002,"nichtdeutsch",2553,101.309523809524
"08 Schwanthalerhöhe",2003,"nichtdeutsch",2497,99.0873015873016
"08 Schwanthalerhöhe",2004,"nichtdeutsch",2401,95.2777777777778
"08 Schwanthalerhöhe",2005,"nichtdeutsch",2200,87.3015873015873
"08 Schwanthalerhöhe",2006,"nichtdeutsch",1946,77.2222222222222
"08 Schwanthalerhöhe",2007,"nichtdeutsch",2104,83.4920634920635
"08 Schwanthalerhöhe",2008,"nichtdeutsch",2534,100.555555555556
"08 Schwanthalerhöhe",2009,"nichtdeutsch",2247,89.1666666666667
"08 Schwanthalerhöhe",2010,"nichtdeutsch",2299,91.2301587301587
"08 Schwanthalerhöhe",2011,"nichtdeutsch",2449,97.1825396825397
"08 Schwanthalerhöhe",2012,"nichtdeutsch",2801,111.150793650794
"08 Schwanthalerhöhe",2013,"nichtdeutsch",2529,100.357142857143
"08 Schwanthalerhöhe",2014,"nichtdeutsch",2602,103.253968253968
"08 Schwanthalerhöhe",2015,"nichtdeutsch",2535,100.595238095238
"08 Schwanthalerhöhe",2016,"nichtdeutsch",2127,84.4047619047619
"08 Schwanthalerhöhe",2017,"nichtdeutsch",2266,89.9206349206349
"08 Schwanthalerhöhe",2018,"nichtdeutsch",2131,84.5634920634921
"08 Schwanthalerhöhe",2019,"nichtdeutsch",1939,76.9444444444444
"08 Schwanthalerhöhe",2020,"nichtdeutsch",1452,57.6190476190476
"08 Schwanthalerhöhe",2021,"nichtdeutsch",1614,64.047619047619
"08 Schwanthalerhöhe",2022,"nichtdeutsch",2139,84.8809523809524
"08 Schwanthalerhöhe",2023,"nichtdeutsch",1877,74.484126984127
"08 Schwanthalerhöhe",2024,"nichtdeutsch",1947,77.2619047619048
"09 Neuhausen - Nymphenburg",2000,"deutsch",7334,100
"09 Neuhausen - Nymphenburg",2001,"deutsch",7193,98.0774475047723
"09 Neuhausen - Nymphenburg",2002,"deutsch",7208,98.2819743659667
"09 Neuhausen - Nymphenburg",2003,"deutsch",7188,98.0092718843741
"09 Neuhausen - Nymphenburg",2004,"deutsch",7888,107.553858740115
"09 Neuhausen - Nymphenburg",2005,"deutsch",7902,107.744750477229
"09 Neuhausen - Nymphenburg",2006,"deutsch",8476,115.571311698936
"09 Neuhausen - Nymphenburg",2007,"deutsch",8980,122.44341423507
"09 Neuhausen - Nymphenburg",2008,"deutsch",8897,121.31169893646
"09 Neuhausen - Nymphenburg",2009,"deutsch",9909,135.110444505045
"09 Neuhausen - Nymphenburg",2010,"deutsch",9103,124.120534496864
"09 Neuhausen - Nymphenburg",2011,"deutsch",9536,130.024543223343
"09 Neuhausen - Nymphenburg",2012,"deutsch",8325,113.512407962912
"09 Neuhausen - Nymphenburg",2013,"deutsch",8317,113.403326970275
"09 Neuhausen - Nymphenburg",2014,"deutsch",7897,107.676574856831
"09 Neuhausen - Nymphenburg",2015,"deutsch",7820,106.6266703027
"09 Neuhausen - Nymphenburg",2016,"deutsch",7676,104.663212435233
"09 Neuhausen - Nymphenburg",2017,"deutsch",7081,96.5503136078538
"09 Neuhausen - Nymphenburg",2018,"deutsch",7508,102.372511589855
"09 Neuhausen - Nymphenburg",2019,"deutsch",7661,104.458685574039
"09 Neuhausen - Nymphenburg",2020,"deutsch",7477,101.949822743387
"09 Neuhausen - Nymphenburg",2021,"deutsch",7744,105.590400872648
"09 Neuhausen - Nymphenburg",2022,"deutsch",6940,94.6277611126261
"09 Neuhausen - Nymphenburg",2023,"deutsch",6852,93.4278701936188
"09 Neuhausen - Nymphenburg",2024,"deutsch",7135,97.2866103081538
"09 Neuhausen - Nymphenburg",2000,"nichtdeutsch",5816,100
"09 Neuhausen - Nymphenburg",2001,"nichtdeutsch",6031,103.696698762036
"09 Neuhausen - Nymphenburg",2002,"nichtdeutsch",5598,96.251719394773
"09 Neuhausen - Nymphenburg",2003,"nichtdeutsch",5415,93.10522696011
"09 Neuhausen - Nymphenburg",2004,"nichtdeutsch",6039,103.834250343879
"09 Neuhausen - Nymphenburg",2005,"nichtdeutsch",5444,93.6038514442916
"09 Neuhausen - Nymphenburg",2006,"nichtdeutsch",4988,85.7634112792297
"09 Neuhausen - Nymphenburg",2007,"nichtdeutsch",4891,84.095598349381
"09 Neuhausen - Nymphenburg",2008,"nichtdeutsch",5197,89.3569463548831
"09 Neuhausen - Nymphenburg",2009,"nichtdeutsch",5548,95.3920220082531
"09 Neuhausen - Nymphenburg",2010,"nichtdeutsch",5613,96.509628610729
"09 Neuhausen - Nymphenburg",2011,"nichtdeutsch",6391,109.886519944979
"09 Neuhausen - Nymphenburg",2012,"nichtdeutsch",6877,118.242778541953
"09 Neuhausen - Nymphenburg",2013,"nichtdeutsch",7145,122.8507565337
"09 Neuhausen - Nymphenburg",2014,"nichtdeutsch",6904,118.707015130674
"09 Neuhausen - Nymphenburg",2015,"nichtdeutsch",7044,121.11416781293
"09 Neuhausen - Nymphenburg",2016,"nichtdeutsch",6332,108.872077028886
"09 Neuhausen - Nymphenburg",2017,"nichtdeutsch",6115,105.140990371389
"09 Neuhausen - Nymphenburg",2018,"nichtdeutsch",6370,109.525447042641
"09 Neuhausen - Nymphenburg",2019,"nichtdeutsch",6930,119.154057771664
"09 Neuhausen - Nymphenburg",2020,"nichtdeutsch",5106,87.7922971114168
"09 Neuhausen - Nymphenburg",2021,"nichtdeutsch",5829,100.223521320495
"09 Neuhausen - Nymphenburg",2022,"nichtdeutsch",7736,133.012379642366
"09 Neuhausen - Nymphenburg",2023,"nichtdeutsch",6185,106.344566712517
"09 Neuhausen - Nymphenburg",2024,"nichtdeutsch",6068,104.332874828061
"10 Moosach",2000,"deutsch",3469,100
"10 Moosach",2001,"deutsch",3434,98.9910637071202
"10 Moosach",2002,"deutsch",3132,90.2853848371289
"10 Moosach",2003,"deutsch",3230,93.1104064571923
"10 Moosach",2004,"deutsch",3373,97.2326318823869
"10 Moosach",2005,"deutsch",3244,93.5139809743442
"10 Moosach",2006,"deutsch",3321,95.7336408186797
"10 Moosach",2007,"deutsch",3695,106.514845776881
"10 Moosach",2008,"deutsch",3642,104.987027961949
"10 Moosach",2009,"deutsch",3693,106.457192274431
"10 Moosach",2010,"deutsch",3357,96.7714038627847
"10 Moosach",2011,"deutsch",3494,100.720668780628
"10 Moosach",2012,"deutsch",3428,98.8181031997694
"10 Moosach",2013,"deutsch",3738,107.754396079562
"10 Moosach",2014,"deutsch",3324,95.8201210723551
"10 Moosach",2015,"deutsch",3324,95.8201210723551
"10 Moosach",2016,"deutsch",3194,92.0726434130873
"10 Moosach",2017,"deutsch",3094,89.1899682905736
"10 Moosach",2018,"deutsch",3086,88.9593542807726
"10 Moosach",2019,"deutsch",3097,89.2764485442491
"10 Moosach",2020,"deutsch",3365,97.0020178725858
"10 Moosach",2021,"deutsch",3139,90.4871720957048
"10 Moosach",2022,"deutsch",3035,87.4891899682906
"10 Moosach",2023,"deutsch",2696,77.7169213029692
"10 Moosach",2024,"deutsch",2543,73.3064283655232
"10 Moosach",2000,"nichtdeutsch",3381,100
"10 Moosach",2001,"nichtdeutsch",3201,94.6761313220941
"10 Moosach",2002,"nichtdeutsch",2860,84.5903578822834
"10 Moosach",2003,"nichtdeutsch",3055,90.3578822833481
"10 Moosach",2004,"nichtdeutsch",3351,99.1126885536823
"10 Moosach",2005,"nichtdeutsch",3218,95.1789411416741
"10 Moosach",2006,"nichtdeutsch",2753,81.4256137237504
"10 Moosach",2007,"nichtdeutsch",2916,86.2466725820763
"10 Moosach",2008,"nichtdeutsch",2908,86.0100561963916
"10 Moosach",2009,"nichtdeutsch",3734,110.440698018338
"10 Moosach",2010,"nichtdeutsch",3982,117.775805974564
"10 Moosach",2011,"nichtdeutsch",4116,121.739130434783
"10 Moosach",2012,"nichtdeutsch",4642,137.296657793552
"10 Moosach",2013,"nichtdeutsch",5151,152.351375332742
"10 Moosach",2014,"nichtdeutsch",4957,146.613427979888
"10 Moosach",2015,"nichtdeutsch",4689,138.68677905945
"10 Moosach",2016,"nichtdeutsch",4505,133.244602188702
"10 Moosach",2017,"nichtdeutsch",4384,129.66577935522
"10 Moosach",2018,"nichtdeutsch",4391,129.872818692694
"10 Moosach",2019,"nichtdeutsch",4625,136.793847973972
"10 Moosach",2020,"nichtdeutsch",3866,114.344868382135
"10 Moosach",2021,"nichtdeutsch",4632,137.000887311446
"10 Moosach",2022,"nichtdeutsch",5697,168.500443655723
"10 Moosach",2023,"nichtdeutsch",4857,143.655723158829
"10 Moosach",2024,"nichtdeutsch",4392,129.902395740905
"11 Milbertshofen - Am Hart",2000,"deutsch",5253,100
"11 Milbertshofen - Am Hart",2001,"deutsch",4668,88.8635065676756
"11 Milbertshofen - Am Hart",2002,"deutsch",4428,84.2946887492861
"11 Milbertshofen - Am Hart",2003,"deutsch",4452,84.7515705311251
"11 Milbertshofen - Am Hart",2004,"deutsch",5384,102.493813059204
"11 Milbertshofen - Am Hart",2005,"deutsch",5212,99.2194936226918
"11 Milbertshofen - Am Hart",2006,"deutsch",5320,101.275461640967
"11 Milbertshofen - Am Hart",2007,"deutsch",5508,104.854368932039
"11 Milbertshofen - Am Hart",2008,"deutsch",5642,107.405292213973
"11 Milbertshofen - Am Hart",2009,"deutsch",5491,104.53074433657
"11 Milbertshofen - Am Hart",2010,"deutsch",5485,104.41652389111
"11 Milbertshofen - Am Hart",2011,"deutsch",5253,100
"11 Milbertshofen - Am Hart",2012,"deutsch",4999,95.1646678088711
"11 Milbertshofen - Am Hart",2013,"deutsch",4733,90.1008947268228
"11 Milbertshofen - Am Hart",2014,"deutsch",4789,91.1669522177803
"11 Milbertshofen - Am Hart",2015,"deutsch",4396,83.6855130401675
"11 Milbertshofen - Am Hart",2016,"deutsch",4303,81.9150961355416
"11 Milbertshofen - Am Hart",2017,"deutsch",4143,78.8692175899486
"11 Milbertshofen - Am Hart",2018,"deutsch",4140,78.8121073672187
"11 Milbertshofen - Am Hart",2019,"deutsch",4469,85.0751951265943
"11 Milbertshofen - Am Hart",2020,"deutsch",3973,75.632971635256
"11 Milbertshofen - Am Hart",2021,"deutsch",3970,75.5758614125262
"11 Milbertshofen - Am Hart",2022,"deutsch",3879,73.8435179897202
"11 Milbertshofen - Am Hart",2023,"deutsch",3588,68.3038263849229
"11 Milbertshofen - Am Hart",2024,"deutsch",3452,65.7148296211689
"11 Milbertshofen - Am Hart",2000,"nichtdeutsch",6316,100
"11 Milbertshofen - Am Hart",2001,"nichtdeutsch",6031,95.487650411653
"11 Milbertshofen - Am Hart",2002,"nichtdeutsch",5881,93.1127295756808
"11 Milbertshofen - Am Hart",2003,"nichtdeutsch",6612,104.686510449652
"11 Milbertshofen - Am Hart",2004,"nichtdeutsch",7013,111.035465484484
"11 Milbertshofen - Am Hart",2005,"nichtdeutsch",7310,115.737808739709
"11 Milbertshofen - Am Hart",2006,"nichtdeutsch",6296,99.6833438885371
"11 Milbertshofen - Am Hart",2007,"nichtdeutsch",6501,102.929069031032
"11 Milbertshofen - Am Hart",2008,"nichtdeutsch",6068,96.0734642178594
"11 Milbertshofen - Am Hart",2009,"nichtdeutsch",6225,98.5592146928436
"11 Milbertshofen - Am Hart",2010,"nichtdeutsch",6871,108.787207093097
"11 Milbertshofen - Am Hart",2011,"nichtdeutsch",7108,112.539582013933
"11 Milbertshofen - Am Hart",2012,"nichtdeutsch",7687,121.706776440785
"11 Milbertshofen - Am Hart",2013,"nichtdeutsch",7612,120.519316022799
"11 Milbertshofen - Am Hart",2014,"nichtdeutsch",8072,127.802406586447
"11 Milbertshofen - Am Hart",2015,"nichtdeutsch",8289,131.23812539582
"11 Milbertshofen - Am Hart",2016,"nichtdeutsch",8599,136.146295123496
"11 Milbertshofen - Am Hart",2017,"nichtdeutsch",7685,121.675110829639
"11 Milbertshofen - Am Hart",2018,"nichtdeutsch",7745,122.625079164028
"11 Milbertshofen - Am Hart",2019,"nichtdeutsch",8264,130.842305256491
"11 Milbertshofen - Am Hart",2020,"nichtdeutsch",6099,96.564281190627
"11 Milbertshofen - Am Hart",2021,"nichtdeutsch",7673,121.485117162761
"11 Milbertshofen - Am Hart",2022,"nichtdeutsch",9246,146.390120329322
"11 Milbertshofen - Am Hart",2023,"nichtdeutsch",8180,129.512349588347
"11 Milbertshofen - Am Hart",2024,"nichtdeutsch",7380,116.846105129829
"12 Schwabing - Freimann",2000,"deutsch",5744,100
"12 Schwabing - Freimann",2001,"deutsch",5512,95.9610027855153
"12 Schwabing - Freimann",2002,"deutsch",5240,91.2256267409471
"12 Schwabing - Freimann",2003,"deutsch",5189,90.3377437325905
"12 Schwabing - Freimann",2004,"deutsch",5394,93.9066852367688
"12 Schwabing - Freimann",2005,"deutsch",5700,99.2339832869081
"12 Schwabing - Freimann",2006,"deutsch",6129,106.702646239554
"12 Schwabing - Freimann",2007,"deutsch",6657,115.894846796657
"12 Schwabing - Freimann",2008,"deutsch",6748,117.479108635097
"12 Schwabing - Freimann",2009,"deutsch",6491,113.004874651811
"12 Schwabing - Freimann",2010,"deutsch",7142,124.338440111421
"12 Schwabing - Freimann",2011,"deutsch",6874,119.672701949861
"12 Schwabing - Freimann",2012,"deutsch",6482,112.848189415042
"12 Schwabing - Freimann",2013,"deutsch",5724,99.6518105849582
"12 Schwabing - Freimann",2014,"deutsch",5825,101.410167130919
"12 Schwabing - Freimann",2015,"deutsch",6648,115.738161559889
"12 Schwabing - Freimann",2016,"deutsch",6665,116.034122562674
"12 Schwabing - Freimann",2017,"deutsch",6212,108.147632311978
"12 Schwabing - Freimann",2018,"deutsch",6252,108.844011142061
"12 Schwabing - Freimann",2019,"deutsch",5596,97.4233983286908
"12 Schwabing - Freimann",2020,"deutsch",5485,95.4909470752089
"12 Schwabing - Freimann",2021,"deutsch",5518,96.0654596100279
"12 Schwabing - Freimann",2022,"deutsch",5041,87.7611420612813
"12 Schwabing - Freimann",2023,"deutsch",5234,91.1211699164345
"12 Schwabing - Freimann",2024,"deutsch",5043,87.7959610027855
"12 Schwabing - Freimann",2000,"nichtdeutsch",4669,100
"12 Schwabing - Freimann",2001,"nichtdeutsch",5045,108.053116298993
"12 Schwabing - Freimann",2002,"nichtdeutsch",5169,110.708931248661
"12 Schwabing - Freimann",2003,"nichtdeutsch",5139,110.066395373742
"12 Schwabing - Freimann",2004,"nichtdeutsch",5189,111.137288498608
"12 Schwabing - Freimann",2005,"nichtdeutsch",4981,106.682373099165
"12 Schwabing - Freimann",2006,"nichtdeutsch",4823,103.298350824588
"12 Schwabing - Freimann",2007,"nichtdeutsch",4677,100.171342899979
"12 Schwabing - Freimann",2008,"nichtdeutsch",4828,103.405440137074
"12 Schwabing - Freimann",2009,"nichtdeutsch",4752,101.777682587278
"12 Schwabing - Freimann",2010,"nichtdeutsch",5225,111.908331548511
"12 Schwabing - Freimann",2011,"nichtdeutsch",5687,121.803384022275
"12 Schwabing - Freimann",2012,"nichtdeutsch",6083,130.284857571214
"12 Schwabing - Freimann",2013,"nichtdeutsch",6693,143.349753694581
"12 Schwabing - Freimann",2014,"nichtdeutsch",13622,291.754122938531
"12 Schwabing - Freimann",2015,"nichtdeutsch",10827,231.891197258514
"12 Schwabing - Freimann",2016,"nichtdeutsch",12710,272.221032340972
"12 Schwabing - Freimann",2017,"nichtdeutsch",11351,243.114157207111
"12 Schwabing - Freimann",2018,"nichtdeutsch",10691,228.978367958878
"12 Schwabing - Freimann",2019,"nichtdeutsch",9429,201.949025487256
"12 Schwabing - Freimann",2020,"nichtdeutsch",11448,245.191689869351
"12 Schwabing - Freimann",2021,"nichtdeutsch",15890,340.329835082459
"12 Schwabing - Freimann",2022,"nichtdeutsch",20670,442.707217819662
"12 Schwabing - Freimann",2023,"nichtdeutsch",23040,493.467551938317
"12 Schwabing - Freimann",2024,"nichtdeutsch",14602,312.743628185907
"13 Bogenhausen",2000,"deutsch",5981,100
"13 Bogenhausen",2001,"deutsch",6055,101.23725129577
"13 Bogenhausen",2002,"deutsch",6006,100.417990302625
"13 Bogenhausen",2003,"deutsch",6029,100.80254138104
"13 Bogenhausen",2004,"deutsch",6534,109.245945494065
"13 Bogenhausen",2005,"deutsch",6484,108.409964888815
"13 Bogenhausen",2006,"deutsch",6406,107.105835144625
"13 Bogenhausen",2007,"deutsch",6514,108.911553251965
"13 Bogenhausen",2008,"deutsch",6436,107.607423507775
"13 Bogenhausen",2009,"deutsch",6579,109.99832803879
"13 Bogenhausen",2010,"deutsch",6689,111.837485370339
"13 Bogenhausen",2011,"deutsch",6893,115.248286239759
"13 Bogenhausen",2012,"deutsch",6218,103.962548068885
"13 Bogenhausen",2013,"deutsch",6153,102.87577328206
"13 Bogenhausen",2014,"deutsch",6084,101.722120046815
"13 Bogenhausen",2015,"deutsch",5712,95.5024243437552
"13 Bogenhausen",2016,"deutsch",5464,91.3559605417154
"13 Bogenhausen",2017,"deutsch",5474,91.5231566627654
"13 Bogenhausen",2018,"deutsch",6156,102.925932118375
"13 Bogenhausen",2019,"deutsch",6442,107.707741180405
"13 Bogenhausen",2020,"deutsch",6819,114.011034943989
"13 Bogenhausen",2021,"deutsch",6186,103.427520481525
"13 Bogenhausen",2022,"deutsch",5006,83.6983781976258
"13 Bogenhausen",2023,"deutsch",4800,80.254138103996
"13 Bogenhausen",2024,"deutsch",4996,83.5311820765758
"13 Bogenhausen",2000,"nichtdeutsch",3876,100
"13 Bogenhausen",2001,"nichtdeutsch",3562,91.8988648090815
"13 Bogenhausen",2002,"nichtdeutsch",3588,92.5696594427245
"13 Bogenhausen",2003,"nichtdeutsch",3973,102.50257997936
"13 Bogenhausen",2004,"nichtdeutsch",3768,97.2136222910217
"13 Bogenhausen",2005,"nichtdeutsch",3709,95.6914344685242
"13 Bogenhausen",2006,"nichtdeutsch",3424,88.3384932920537
"13 Bogenhausen",2007,"nichtdeutsch",3433,88.5706914344685
"13 Bogenhausen",2008,"nichtdeutsch",3352,86.4809081527348
"13 Bogenhausen",2009,"nichtdeutsch",3569,92.0794633642931
"13 Bogenhausen",2010,"nichtdeutsch",3583,92.4406604747162
"13 Bogenhausen",2011,"nichtdeutsch",4164,107.430340557276
"13 Bogenhausen",2012,"nichtdeutsch",4699,121.233230134159
"13 Bogenhausen",2013,"nichtdeutsch",4875,125.77399380805
"13 Bogenhausen",2014,"nichtdeutsch",5246,135.345717234262
"13 Bogenhausen",2015,"nichtdeutsch",6249,161.222910216718
"13 Bogenhausen",2016,"nichtdeutsch",6732,173.684210526316
"13 Bogenhausen",2017,"nichtdeutsch",5150,132.868937048504
"13 Bogenhausen",2018,"nichtdeutsch",5683,146.620227038184
"13 Bogenhausen",2019,"nichtdeutsch",5733,147.910216718266
"13 Bogenhausen",2020,"nichtdeutsch",5077,130.985552115583
"13 Bogenhausen",2021,"nichtdeutsch",5927,152.915376676987
"13 Bogenhausen",2022,"nichtdeutsch",9009,232.430340557276
"13 Bogenhausen",2023,"nichtdeutsch",8035,207.301341589267
"13 Bogenhausen",2024,"nichtdeutsch",7221,186.300309597523
"14 Berg am Laim",2000,"deutsch",3381,100
"14 Berg am Laim",2001,"deutsch",3049,90.1804199940846
"14 Berg am Laim",2002,"deutsch",2836,83.8805087252292
"14 Berg am Laim",2003,"deutsch",2738,80.9819580005915
"14 Berg am Laim",2004,"deutsch",3131,92.6057379473528
"14 Berg am Laim",2005,"deutsch",2998,88.6719905353446
"14 Berg am Laim",2006,"deutsch",3077,91.0085773439811
"14 Berg am Laim",2007,"deutsch",3491,103.253475303165
"14 Berg am Laim",2008,"deutsch",3244,95.9479443951494
"14 Berg am Laim",2009,"deutsch",3282,97.0718722271517
"14 Berg am Laim",2010,"deutsch",3590,106.181603076013
"14 Berg am Laim",2011,"deutsch",3416,101.035196687371
"14 Berg am Laim",2012,"deutsch",3354,99.2014196983141
"14 Berg am Laim",2013,"deutsch",2975,87.991718426501
"14 Berg am Laim",2014,"deutsch",2979,88.1100266193434
"14 Berg am Laim",2015,"deutsch",2916,86.2466725820763
"14 Berg am Laim",2016,"deutsch",2820,83.4072759538598
"14 Berg am Laim",2017,"deutsch",2698,79.798876072168
"14 Berg am Laim",2018,"deutsch",2532,74.8890860692103
"14 Berg am Laim",2019,"deutsch",2797,82.7270038450163
"14 Berg am Laim",2020,"deutsch",2391,70.7187222715173
"14 Berg am Laim",2021,"deutsch",2548,75.3623188405797
"14 Berg am Laim",2022,"deutsch",2264,66.9624371487726
"14 Berg am Laim",2023,"deutsch",2179,64.4483880508725
"14 Berg am Laim",2024,"deutsch",2116,62.5850340136054
"14 Berg am Laim",2000,"nichtdeutsch",2871,100
"14 Berg am Laim",2001,"nichtdeutsch",2622,91.3270637408568
"14 Berg am Laim",2002,"nichtdeutsch",2285,79.5889933820968
"14 Berg am Laim",2003,"nichtdeutsch",2198,76.5586903517938
"14 Berg am Laim",2004,"nichtdeutsch",2297,80.0069662138628
"14 Berg am Laim",2005,"nichtdeutsch",2380,82.8979449669105
"14 Berg am Laim",2006,"nichtdeutsch",2172,75.6530825496343
"14 Berg am Laim",2007,"nichtdeutsch",2534,88.26192964124
"14 Berg am Laim",2008,"nichtdeutsch",2489,86.6945315221177
"14 Berg am Laim",2009,"nichtdeutsch",2397,83.4900731452456
"14 Berg am Laim",2010,"nichtdeutsch",2595,90.3866248693835
"14 Berg am Laim",2011,"nichtdeutsch",2701,94.0787182166492
"14 Berg am Laim",2012,"nichtdeutsch",2890,100.661790316963
"14 Berg am Laim",2013,"nichtdeutsch",2956,102.960640891675
"14 Berg am Laim",2014,"nichtdeutsch",3193,111.215604319053
"14 Berg am Laim",2015,"nichtdeutsch",3478,121.142459073494
"14 Berg am Laim",2016,"nichtdeutsch",2903,101.114594218042
"14 Berg am Laim",2017,"nichtdeutsch",2975,103.622431208638
"14 Berg am Laim",2018,"nichtdeutsch",2853,99.3730407523511
"14 Berg am Laim",2019,"nichtdeutsch",3298,114.872866597005
"14 Berg am Laim",2020,"nichtdeutsch",2608,90.8394287704632
"14 Berg am Laim",2021,"nichtdeutsch",3250,113.200975269941
"14 Berg am Laim",2022,"nichtdeutsch",4220,146.987112504354
"14 Berg am Laim",2023,"nichtdeutsch",3409,118.739115290839
"14 Berg am Laim",2024,"nichtdeutsch",3582,124.764890282132
"15 Trudering - Riem",2000,"deutsch",4680,100
"15 Trudering - Riem",2001,"deutsch",4568,97.6068376068376
"15 Trudering - Riem",2002,"deutsch",4305,91.9871794871795
"15 Trudering - Riem",2003,"deutsch",4266,91.1538461538461
"15 Trudering - Riem",2004,"deutsch",4589,98.0555555555556
"15 Trudering - Riem",2005,"deutsch",5376,114.871794871795
"15 Trudering - Riem",2006,"deutsch",5599,119.636752136752
"15 Trudering - Riem",2007,"deutsch",5921,126.517094017094
"15 Trudering - Riem",2008,"deutsch",6075,129.807692307692
"15 Trudering - Riem",2009,"deutsch",5736,122.564102564103
"15 Trudering - Riem",2010,"deutsch",5283,112.884615384615
"15 Trudering - Riem",2011,"deutsch",5229,111.730769230769
"15 Trudering - Riem",2012,"deutsch",4683,100.064102564103
"15 Trudering - Riem",2013,"deutsch",4385,93.6965811965812
"15 Trudering - Riem",2014,"deutsch",4315,92.2008547008547
"15 Trudering - Riem",2015,"deutsch",4616,98.6324786324786
"15 Trudering - Riem",2016,"deutsch",4091,87.4145299145299
"15 Trudering - Riem",2017,"deutsch",4512,96.4102564102564
"15 Trudering - Riem",2018,"deutsch",4120,88.034188034188
"15 Trudering - Riem",2019,"deutsch",4015,85.7905982905983
"15 Trudering - Riem",2020,"deutsch",4432,94.7008547008547
"15 Trudering - Riem",2021,"deutsch",4695,100.320512820513
"15 Trudering - Riem",2022,"deutsch",3967,84.7649572649573
"15 Trudering - Riem",2023,"deutsch",3767,80.491452991453
"15 Trudering - Riem",2024,"deutsch",3786,80.8974358974359
"15 Trudering - Riem",2000,"nichtdeutsch",2692,100
"15 Trudering - Riem",2001,"nichtdeutsch",3039,112.890044576523
"15 Trudering - Riem",2002,"nichtdeutsch",3138,116.567607726597
"15 Trudering - Riem",2003,"nichtdeutsch",3528,131.054977711738
"15 Trudering - Riem",2004,"nichtdeutsch",2798,103.937592867756
"15 Trudering - Riem",2005,"nichtdeutsch",2830,105.126300148588
"15 Trudering - Riem",2006,"nichtdeutsch",2799,103.974739970282
"15 Trudering - Riem",2007,"nichtdeutsch",2778,103.194650817236
"15 Trudering - Riem",2008,"nichtdeutsch",2955,109.769687964339
"15 Trudering - Riem",2009,"nichtdeutsch",3073,114.153046062407
"15 Trudering - Riem",2010,"nichtdeutsch",3180,118.127786032689
"15 Trudering - Riem",2011,"nichtdeutsch",3686,136.924219910847
"15 Trudering - Riem",2012,"nichtdeutsch",3246,120.579494799406
"15 Trudering - Riem",2013,"nichtdeutsch",3398,126.225854383358
"15 Trudering - Riem",2014,"nichtdeutsch",3744,139.078751857355
"15 Trudering - Riem",2015,"nichtdeutsch",4228,157.057949479941
"15 Trudering - Riem",2016,"nichtdeutsch",4970,184.621099554235
"15 Trudering - Riem",2017,"nichtdeutsch",4712,175.037147102526
"15 Trudering - Riem",2018,"nichtdeutsch",4271,158.655274888559
"15 Trudering - Riem",2019,"nichtdeutsch",4341,161.255572065379
"15 Trudering - Riem",2020,"nichtdeutsch",4066,151.040118870728
"15 Trudering - Riem",2021,"nichtdeutsch",4636,172.21396731055
"15 Trudering - Riem",2022,"nichtdeutsch",6271,232.949479940565
"15 Trudering - Riem",2023,"nichtdeutsch",4949,183.841010401189
"15 Trudering - Riem",2024,"nichtdeutsch",4975,184.806835066865
"16 Ramersdorf - Perlach",2000,"deutsch",7029,100
"16 Ramersdorf - Perlach",2001,"deutsch",6739,95.874235310855
"16 Ramersdorf - Perlach",2002,"deutsch",6244,88.8319817897283
"16 Ramersdorf - Perlach",2003,"deutsch",6790,96.5998008251529
"16 Ramersdorf - Perlach",2004,"deutsch",6731,95.7604211125338
"16 Ramersdorf - Perlach",2005,"deutsch",6946,98.8191776924171
"16 Ramersdorf - Perlach",2006,"deutsch",6720,95.6039265898421
"16 Ramersdorf - Perlach",2007,"deutsch",7157,101.82102717314
"16 Ramersdorf - Perlach",2008,"deutsch",7248,103.115663679044
"16 Ramersdorf - Perlach",2009,"deutsch",6905,98.2358799260208
"16 Ramersdorf - Perlach",2010,"deutsch",6935,98.6626831697254
"16 Ramersdorf - Perlach",2011,"deutsch",6858,97.5672215108835
"16 Ramersdorf - Perlach",2012,"deutsch",6191,88.07796272585
"16 Ramersdorf - Perlach",2013,"deutsch",5963,84.8342580736947
"16 Ramersdorf - Perlach",2014,"deutsch",5978,85.047659695547
"16 Ramersdorf - Perlach",2015,"deutsch",6102,86.8117797695263
"16 Ramersdorf - Perlach",2016,"deutsch",5623,79.997154645042
"16 Ramersdorf - Perlach",2017,"deutsch",6442,91.648883198179
"16 Ramersdorf - Perlach",2018,"deutsch",5890,83.7957035140134
"16 Ramersdorf - Perlach",2019,"deutsch",5684,80.8649879072414
"16 Ramersdorf - Perlach",2020,"deutsch",5516,78.4748897424954
"16 Ramersdorf - Perlach",2021,"deutsch",5843,83.1270450988761
"16 Ramersdorf - Perlach",2022,"deutsch",5346,76.056338028169
"16 Ramersdorf - Perlach",2023,"deutsch",5517,78.4891165172855
"16 Ramersdorf - Perlach",2024,"deutsch",4975,70.7782045810215
"16 Ramersdorf - Perlach",2000,"nichtdeutsch",6213,100
"16 Ramersdorf - Perlach",2001,"nichtdeutsch",6203,99.8390471591824
"16 Ramersdorf - Perlach",2002,"nichtdeutsch",5589,89.9565427329792
"16 Ramersdorf - Perlach",2003,"nichtdeutsch",6136,98.7606631257042
"16 Ramersdorf - Perlach",2004,"nichtdeutsch",6248,100.563334942862
"16 Ramersdorf - Perlach",2005,"nichtdeutsch",5960,95.9278931273137
"16 Ramersdorf - Perlach",2006,"nichtdeutsch",5700,91.743119266055
"16 Ramersdorf - Perlach",2007,"nichtdeutsch",5778,92.9985514244326
"16 Ramersdorf - Perlach",2008,"nichtdeutsch",5973,96.1371318203766
"16 Ramersdorf - Perlach",2009,"nichtdeutsch",5784,93.0951231289232
"16 Ramersdorf - Perlach",2010,"nichtdeutsch",6312,101.593433124095
"16 Ramersdorf - Perlach",2011,"nichtdeutsch",6709,107.983260904555
"16 Ramersdorf - Perlach",2012,"nichtdeutsch",6920,111.379365845807
"16 Ramersdorf - Perlach",2013,"nichtdeutsch",7380,118.783196523419
"16 Ramersdorf - Perlach",2014,"nichtdeutsch",8235,132.544664413327
"16 Ramersdorf - Perlach",2015,"nichtdeutsch",8535,137.373249637856
"16 Ramersdorf - Perlach",2016,"nichtdeutsch",7812,125.736359246741
"16 Ramersdorf - Perlach",2017,"nichtdeutsch",7775,125.140833735715
"16 Ramersdorf - Perlach",2018,"nichtdeutsch",7934,127.699983904716
"16 Ramersdorf - Perlach",2019,"nichtdeutsch",8458,136.13391276356
"16 Ramersdorf - Perlach",2020,"nichtdeutsch",6674,107.419925961693
"16 Ramersdorf - Perlach",2021,"nichtdeutsch",7884,126.895219700628
"16 Ramersdorf - Perlach",2022,"nichtdeutsch",9901,159.359407693546
"16 Ramersdorf - Perlach",2023,"nichtdeutsch",9206,148.17318525672
"16 Ramersdorf - Perlach",2024,"nichtdeutsch",8040,129.406084017383
"17 Obergiesing - Fasangarten",2000,"deutsch",4026,100
"17 Obergiesing - Fasangarten",2001,"deutsch",4157,103.253849975161
"17 Obergiesing - Fasangarten",2002,"deutsch",3815,94.7590660705415
"17 Obergiesing - Fasangarten",2003,"deutsch",4002,99.4038748137109
"17 Obergiesing - Fasangarten",2004,"deutsch",4307,106.979632389468
"17 Obergiesing - Fasangarten",2005,"deutsch",4606,114.406358668654
"17 Obergiesing - Fasangarten",2006,"deutsch",4944,122.801788375559
"17 Obergiesing - Fasangarten",2007,"deutsch",4865,120.839542970691
"17 Obergiesing - Fasangarten",2008,"deutsch",4960,123.199205166418
"17 Obergiesing - Fasangarten",2009,"deutsch",4755,118.107302533532
"17 Obergiesing - Fasangarten",2010,"deutsch",5062,125.732737208147
"17 Obergiesing - Fasangarten",2011,"deutsch",5407,134.302036761053
"17 Obergiesing - Fasangarten",2012,"deutsch",4525,112.394436164928
"17 Obergiesing - Fasangarten",2013,"deutsch",4338,107.749627421759
"17 Obergiesing - Fasangarten",2014,"deutsch",4468,110.978638847491
"17 Obergiesing - Fasangarten",2015,"deutsch",4453,110.606060606061
"17 Obergiesing - Fasangarten",2016,"deutsch",3738,92.8464977645306
"17 Obergiesing - Fasangarten",2017,"deutsch",3668,91.1077993045206
"17 Obergiesing - Fasangarten",2018,"deutsch",3922,97.4167908594138
"17 Obergiesing - Fasangarten",2019,"deutsch",3615,89.7913561847988
"17 Obergiesing - Fasangarten",2020,"deutsch",3510,87.1833084947839
"17 Obergiesing - Fasangarten",2021,"deutsch",3851,95.6532538499752
"17 Obergiesing - Fasangarten",2022,"deutsch",3485,86.5623447590661
"17 Obergiesing - Fasangarten",2023,"deutsch",3587,89.0958768007948
"17 Obergiesing - Fasangarten",2024,"deutsch",3308,82.1659215101838
"17 Obergiesing - Fasangarten",2000,"nichtdeutsch",4849,100
"17 Obergiesing - Fasangarten",2001,"nichtdeutsch",5270,108.682202515983
"17 Obergiesing - Fasangarten",2002,"nichtdeutsch",4771,98.3914209115281
"17 Obergiesing - Fasangarten",2003,"nichtdeutsch",4303,88.739946380697
"17 Obergiesing - Fasangarten",2004,"nichtdeutsch",4709,97.1128067642813
"17 Obergiesing - Fasangarten",2005,"nichtdeutsch",3289,67.828418230563
"17 Obergiesing - Fasangarten",2006,"nichtdeutsch",3964,81.7488141884925
"17 Obergiesing - Fasangarten",2007,"nichtdeutsch",3765,77.6448752320066
"17 Obergiesing - Fasangarten",2008,"nichtdeutsch",3902,80.4702000412456
"17 Obergiesing - Fasangarten",2009,"nichtdeutsch",4468,92.1427098370798
"17 Obergiesing - Fasangarten",2010,"nichtdeutsch",4504,92.885130954836
"17 Obergiesing - Fasangarten",2011,"nichtdeutsch",4852,100.06186842648
"17 Obergiesing - Fasangarten",2012,"nichtdeutsch",4906,101.175500103114
"17 Obergiesing - Fasangarten",2013,"nichtdeutsch",4584,94.534955660961
"17 Obergiesing - Fasangarten",2014,"nichtdeutsch",4532,93.4625696019798
"17 Obergiesing - Fasangarten",2015,"nichtdeutsch",4646,95.8135698082079
"17 Obergiesing - Fasangarten",2016,"nichtdeutsch",4140,85.3784285419674
"17 Obergiesing - Fasangarten",2017,"nichtdeutsch",4426,91.2765518663642
"17 Obergiesing - Fasangarten",2018,"nichtdeutsch",4325,89.1936481748814
"17 Obergiesing - Fasangarten",2019,"nichtdeutsch",3984,82.1612703650237
"17 Obergiesing - Fasangarten",2020,"nichtdeutsch",3335,68.7770674365849
"17 Obergiesing - Fasangarten",2021,"nichtdeutsch",3944,81.3363580119612
"17 Obergiesing - Fasangarten",2022,"nichtdeutsch",4718,97.2984120437203
"17 Obergiesing - Fasangarten",2023,"nichtdeutsch",3896,80.3464631882862
"17 Obergiesing - Fasangarten",2024,"nichtdeutsch",4094,84.4297793359456
"18 Untergiesing - Harlaching",2000,"deutsch",4858,100
"18 Untergiesing - Harlaching",2001,"deutsch",4840,99.629477151091
"18 Untergiesing - Harlaching",2002,"deutsch",4459,91.7867435158501
"18 Untergiesing - Harlaching",2003,"deutsch",4730,97.3651708522026
"18 Untergiesing - Harlaching",2004,"deutsch",4726,97.2828324413339
"18 Untergiesing - Harlaching",2005,"deutsch",5061,104.178674351585
"18 Untergiesing - Harlaching",2006,"deutsch",5209,107.225195553726
"18 Untergiesing - Harlaching",2007,"deutsch",5615,115.582544256896
"18 Untergiesing - Harlaching",2008,"deutsch",5485,112.906545903664
"18 Untergiesing - Harlaching",2009,"deutsch",5339,109.901193906958
"18 Untergiesing - Harlaching",2010,"deutsch",5221,107.472210786332
"18 Untergiesing - Harlaching",2011,"deutsch",5032,103.581720872787
"18 Untergiesing - Harlaching",2012,"deutsch",4818,99.1766158913133
"18 Untergiesing - Harlaching",2013,"deutsch",4577,94.2157266364759
"18 Untergiesing - Harlaching",2014,"deutsch",4462,91.8484973240016
"18 Untergiesing - Harlaching",2015,"deutsch",4176,85.9613009468917
"18 Untergiesing - Harlaching",2016,"deutsch",4295,88.4108686702347
"18 Untergiesing - Harlaching",2017,"deutsch",3986,82.0502264306299
"18 Untergiesing - Harlaching",2018,"deutsch",3986,82.0502264306299
"18 Untergiesing - Harlaching",2019,"deutsch",3925,80.7945656648827
"18 Untergiesing - Harlaching",2020,"deutsch",3979,81.9061342116097
"18 Untergiesing - Harlaching",2021,"deutsch",4294,88.3902840675175
"18 Untergiesing - Harlaching",2022,"deutsch",3957,81.453272951832
"18 Untergiesing - Harlaching",2023,"deutsch",3730,76.780568135035
"18 Untergiesing - Harlaching",2024,"deutsch",3547,73.0135858377933
"18 Untergiesing - Harlaching",2000,"nichtdeutsch",2730,100
"18 Untergiesing - Harlaching",2001,"nichtdeutsch",2790,102.197802197802
"18 Untergiesing - Harlaching",2002,"nichtdeutsch",2658,97.3626373626374
"18 Untergiesing - Harlaching",2003,"nichtdeutsch",2748,100.659340659341
"18 Untergiesing - Harlaching",2004,"nichtdeutsch",2708,99.1941391941392
"18 Untergiesing - Harlaching",2005,"nichtdeutsch",2764,101.245421245421
"18 Untergiesing - Harlaching",2006,"nichtdeutsch",2541,93.0769230769231
"18 Untergiesing - Harlaching",2007,"nichtdeutsch",2675,97.985347985348
"18 Untergiesing - Harlaching",2008,"nichtdeutsch",2628,96.2637362637363
"18 Untergiesing - Harlaching",2009,"nichtdeutsch",2673,97.9120879120879
"18 Untergiesing - Harlaching",2010,"nichtdeutsch",2914,106.739926739927
"18 Untergiesing - Harlaching",2011,"nichtdeutsch",3261,119.450549450549
"18 Untergiesing - Harlaching",2012,"nichtdeutsch",3332,122.051282051282
"18 Untergiesing - Harlaching",2013,"nichtdeutsch",3586,131.355311355311
"18 Untergiesing - Harlaching",2014,"nichtdeutsch",3505,128.388278388278
"18 Untergiesing - Harlaching",2015,"nichtdeutsch",4091,149.85347985348
"18 Untergiesing - Harlaching",2016,"nichtdeutsch",4024,147.399267399267
"18 Untergiesing - Harlaching",2017,"nichtdeutsch",3492,127.912087912088
"18 Untergiesing - Harlaching",2018,"nichtdeutsch",3339,122.307692307692
"18 Untergiesing - Harlaching",2019,"nichtdeutsch",3261,119.450549450549
"18 Untergiesing - Harlaching",2020,"nichtdeutsch",2641,96.7399267399267
"18 Untergiesing - Harlaching",2021,"nichtdeutsch",3121,114.322344322344
"18 Untergiesing - Harlaching",2022,"nichtdeutsch",4080,149.450549450549
"18 Untergiesing - Harlaching",2023,"nichtdeutsch",3194,116.996336996337
"18 Untergiesing - Harlaching",2024,"nichtdeutsch",3074,112.600732600733
"19 Thalkirchen - Obersendling - Forstenried - Fürstenried - Solln",2000,"deutsch",6826,100
"19 Thalkirchen - Obersendling - Forstenried - Fürstenried - Solln",2001,"deutsch",6418,94.0228537943158
"19 Thalkirchen - Obersendling - Forstenried - Fürstenried - Solln",2002,"deutsch",5898,86.4049223556988
"19 Thalkirchen - Obersendling - Forstenried - Fürstenried - Solln",2003,"deutsch",6190,90.6826838558453
"19 Thalkirchen - Obersendling - Forstenried - Fürstenried - Solln",2004,"deutsch",6618,96.9528274245532
"19 Thalkirchen - Obersendling - Forstenried - Fürstenried - Solln",2005,"deutsch",6833,100.102549077058
"19 Thalkirchen - Obersendling - Forstenried - Fürstenried - Solln",2006,"deutsch",7084,103.779665983006
"19 Thalkirchen - Obersendling - Forstenried - Fürstenried - Solln",2007,"deutsch",7580,111.046000585995
"19 Thalkirchen - Obersendling - Forstenried - Fürstenried - Solln",2008,"deutsch",7289,106.782888953999
"19 Thalkirchen - Obersendling - Forstenried - Fürstenried - Solln",2009,"deutsch",7403,108.452973923235
"19 Thalkirchen - Obersendling - Forstenried - Fürstenried - Solln",2010,"deutsch",7135,104.526809258717
"19 Thalkirchen - Obersendling - Forstenried - Fürstenried - Solln",2011,"deutsch",7089,103.852915323762
"19 Thalkirchen - Obersendling - Forstenried - Fürstenried - Solln",2012,"deutsch",6985,102.329329036039
"19 Thalkirchen - Obersendling - Forstenried - Fürstenried - Solln",2013,"deutsch",7183,105.230002929974
"19 Thalkirchen - Obersendling - Forstenried - Fürstenried - Solln",2014,"deutsch",6719,98.432464107823
"19 Thalkirchen - Obersendling - Forstenried - Fürstenried - Solln",2015,"deutsch",6735,98.666861998242
"19 Thalkirchen - Obersendling - Forstenried - Fürstenried - Solln",2016,"deutsch",6024,88.2508057427483
"19 Thalkirchen - Obersendling - Forstenried - Fürstenried - Solln",2017,"deutsch",5994,87.8113096982127
"19 Thalkirchen - Obersendling - Forstenried - Fürstenried - Solln",2018,"deutsch",6417,94.0082039261647
"19 Thalkirchen - Obersendling - Forstenried - Fürstenried - Solln",2019,"deutsch",6315,92.5139173747436
"19 Thalkirchen - Obersendling - Forstenried - Fürstenried - Solln",2020,"deutsch",6538,95.7808379724582
"19 Thalkirchen - Obersendling - Forstenried - Fürstenried - Solln",2021,"deutsch",6491,95.0922941693525
"19 Thalkirchen - Obersendling - Forstenried - Fürstenried - Solln",2022,"deutsch",5869,85.9800761793144
"19 Thalkirchen - Obersendling - Forstenried - Fürstenried - Solln",2023,"deutsch",5848,85.6724289481395
"19 Thalkirchen - Obersendling - Forstenried - Fürstenried - Solln",2024,"deutsch",5939,87.0055669498975
"19 Thalkirchen - Obersendling - Forstenried - Fürstenried - Solln",2000,"nichtdeutsch",4205,100
"19 Thalkirchen - Obersendling - Forstenried - Fürstenried - Solln",2001,"nichtdeutsch",4418,105.065398335315
"19 Thalkirchen - Obersendling - Forstenried - Fürstenried - Solln",2002,"nichtdeutsch",4283,101.854934601665
"19 Thalkirchen - Obersendling - Forstenried - Fürstenried - Solln",2003,"nichtdeutsch",3981,94.6730083234245
"19 Thalkirchen - Obersendling - Forstenried - Fürstenried - Solln",2004,"nichtdeutsch",4303,102.330558858502
"19 Thalkirchen - Obersendling - Forstenried - Fürstenried - Solln",2005,"nichtdeutsch",5086,120.951248513674
"19 Thalkirchen - Obersendling - Forstenried - Fürstenried - Solln",2006,"nichtdeutsch",4861,115.600475624257
"19 Thalkirchen - Obersendling - Forstenried - Fürstenried - Solln",2007,"nichtdeutsch",5276,125.469678953627
"19 Thalkirchen - Obersendling - Forstenried - Fürstenried - Solln",2008,"nichtdeutsch",4944,117.574316290131
"19 Thalkirchen - Obersendling - Forstenried - Fürstenried - Solln",2009,"nichtdeutsch",5751,136.765755053508
"19 Thalkirchen - Obersendling - Forstenried - Fürstenried - Solln",2010,"nichtdeutsch",6283,149.417360285375
"19 Thalkirchen - Obersendling - Forstenried - Fürstenried - Solln",2011,"nichtdeutsch",7307,173.769322235434
"19 Thalkirchen - Obersendling - Forstenried - Fürstenried - Solln",2012,"nichtdeutsch",8146,193.72175980975
"19 Thalkirchen - Obersendling - Forstenried - Fürstenried - Solln",2013,"nichtdeutsch",14795,351.843043995244
"19 Thalkirchen - Obersendling - Forstenried - Fürstenried - Solln",2014,"nichtdeutsch",7813,185.802615933413
"19 Thalkirchen - Obersendling - Forstenried - Fürstenried - Solln",2015,"nichtdeutsch",7182,170.796670630202
"19 Thalkirchen - Obersendling - Forstenried - Fürstenried - Solln",2016,"nichtdeutsch",8367,198.9774078478
"19 Thalkirchen - Obersendling - Forstenried - Fürstenried - Solln",2017,"nichtdeutsch",7429,176.67063020214
"19 Thalkirchen - Obersendling - Forstenried - Fürstenried - Solln",2018,"nichtdeutsch",7122,169.369797859691
"19 Thalkirchen - Obersendling - Forstenried - Fürstenried - Solln",2019,"nichtdeutsch",7218,171.652794292509
"19 Thalkirchen - Obersendling - Forstenried - Fürstenried - Solln",2020,"nichtdeutsch",6556,155.909631391201
"19 Thalkirchen - Obersendling - Forstenried - Fürstenried - Solln",2021,"nichtdeutsch",7090,168.608799048751
"19 Thalkirchen - Obersendling - Forstenried - Fürstenried - Solln",2022,"nichtdeutsch",9714,231.010701545779
"19 Thalkirchen - Obersendling - Forstenried - Fürstenried - Solln",2023,"nichtdeutsch",8655,205.826397146254
"19 Thalkirchen - Obersendling - Forstenried - Fürstenried - Solln",2024,"nichtdeutsch",8219,195.457788347206
"20 Hadern",2000,"deutsch",3182,100
"20 Hadern",2001,"deutsch",2927,91.9861722187304
"20 Hadern",2002,"deutsch",3181,99.9685732243872
"20 Hadern",2003,"deutsch",2945,92.5518541797612
"20 Hadern",2004,"deutsch",3336,104.839723444375
"20 Hadern",2005,"deutsch",3346,105.153991200503
"20 Hadern",2006,"deutsch",3259,102.419861722187
"20 Hadern",2007,"deutsch",3530,110.936517913262
"20 Hadern",2008,"deutsch",3615,113.607793840352
"20 Hadern",2009,"deutsch",3802,119.48460087995
"20 Hadern",2010,"deutsch",3753,117.944688874921
"20 Hadern",2011,"deutsch",3581,112.539283469516
"20 Hadern",2012,"deutsch",3083,96.8887492143306
"20 Hadern",2013,"deutsch",3188,100.188560653677
"20 Hadern",2014,"deutsch",3044,95.6631049654305
"20 Hadern",2015,"deutsch",2790,87.6807039597737
"20 Hadern",2016,"deutsch",2805,88.1521055939661
"20 Hadern",2017,"deutsch",2614,82.149591451917
"20 Hadern",2018,"deutsch",2656,83.4695160276556
"20 Hadern",2019,"deutsch",2506,78.7554996857322
"20 Hadern",2020,"deutsch",2529,79.4783155248272
"20 Hadern",2021,"deutsch",2879,90.4776869893149
"20 Hadern",2022,"deutsch",2576,80.9553739786298
"20 Hadern",2023,"deutsch",2628,82.5895663104965
"20 Hadern",2024,"deutsch",2319,72.8786926461345
"20 Hadern",2000,"nichtdeutsch",1875,100
"20 Hadern",2001,"nichtdeutsch",2027,108.106666666667
"20 Hadern",2002,"nichtdeutsch",2197,117.173333333333
"20 Hadern",2003,"nichtdeutsch",2226,118.72
"20 Hadern",2004,"nichtdeutsch",2347,125.173333333333
"20 Hadern",2005,"nichtdeutsch",2261,120.586666666667
"20 Hadern",2006,"nichtdeutsch",2084,111.146666666667
"20 Hadern",2007,"nichtdeutsch",2459,131.146666666667
"20 Hadern",2008,"nichtdeutsch",2376,126.72
"20 Hadern",2009,"nichtdeutsch",2492,132.906666666667
"20 Hadern",2010,"nichtdeutsch",2451,130.72
"20 Hadern",2011,"nichtdeutsch",2744,146.346666666667
"20 Hadern",2012,"nichtdeutsch",2757,147.04
"20 Hadern",2013,"nichtdeutsch",3395,181.066666666667
"20 Hadern",2014,"nichtdeutsch",3508,187.093333333333
"20 Hadern",2015,"nichtdeutsch",3709,197.813333333333
"20 Hadern",2016,"nichtdeutsch",3807,203.04
"20 Hadern",2017,"nichtdeutsch",3422,182.506666666667
"20 Hadern",2018,"nichtdeutsch",3596,191.786666666667
"20 Hadern",2019,"nichtdeutsch",3705,197.6
"20 Hadern",2020,"nichtdeutsch",2861,152.586666666667
"20 Hadern",2021,"nichtdeutsch",3794,202.346666666667
"20 Hadern",2022,"nichtdeutsch",4471,238.453333333333
"20 Hadern",2023,"nichtdeutsch",3872,206.506666666667
"20 Hadern",2024,"nichtdeutsch",3708,197.76
"21 Pasing - Obermenzing",2000,"deutsch",5360,100
"21 Pasing - Obermenzing",2001,"deutsch",5073,94.6455223880597
"21 Pasing - Obermenzing",2002,"deutsch",4731,88.2649253731343
"21 Pasing - Obermenzing",2003,"deutsch",5344,99.7014925373134
"21 Pasing - Obermenzing",2004,"deutsch",5515,102.891791044776
"21 Pasing - Obermenzing",2005,"deutsch",5502,102.649253731343
"21 Pasing - Obermenzing",2006,"deutsch",5295,98.7873134328358
"21 Pasing - Obermenzing",2007,"deutsch",5857,109.272388059701
"21 Pasing - Obermenzing",2008,"deutsch",5704,106.417910447761
"21 Pasing - Obermenzing",2009,"deutsch",5745,107.182835820896
"21 Pasing - Obermenzing",2010,"deutsch",6045,112.779850746269
"21 Pasing - Obermenzing",2011,"deutsch",5890,109.888059701493
"21 Pasing - Obermenzing",2012,"deutsch",5352,99.8507462686567
"21 Pasing - Obermenzing",2013,"deutsch",5379,100.35447761194
"21 Pasing - Obermenzing",2014,"deutsch",5082,94.8134328358209
"21 Pasing - Obermenzing",2015,"deutsch",5109,95.3171641791045
"21 Pasing - Obermenzing",2016,"deutsch",5244,97.8358208955224
"21 Pasing - Obermenzing",2017,"deutsch",4579,85.4291044776119
"21 Pasing - Obermenzing",2018,"deutsch",4866,90.7835820895522
"21 Pasing - Obermenzing",2019,"deutsch",5170,96.455223880597
"21 Pasing - Obermenzing",2020,"deutsch",5244,97.8358208955224
"21 Pasing - Obermenzing",2021,"deutsch",5879,109.682835820896
"21 Pasing - Obermenzing",2022,"deutsch",5388,100.522388059701
"21 Pasing - Obermenzing",2023,"deutsch",4999,93.2649253731343
"21 Pasing - Obermenzing",2024,"deutsch",4596,85.7462686567164
"21 Pasing - Obermenzing",2000,"nichtdeutsch",3546,100
"21 Pasing - Obermenzing",2001,"nichtdeutsch",3326,93.7958262831359
"21 Pasing - Obermenzing",2002,"nichtdeutsch",3438,96.9543147208122
"21 Pasing - Obermenzing",2003,"nichtdeutsch",3595,101.381838691483
"21 Pasing - Obermenzing",2004,"nichtdeutsch",3618,102.030456852792
"21 Pasing - Obermenzing",2005,"nichtdeutsch",3368,94.9802594472645
"21 Pasing - Obermenzing",2006,"nichtdeutsch",2760,77.834179357022
"21 Pasing - Obermenzing",2007,"nichtdeutsch",2991,84.3485617597293
"21 Pasing - Obermenzing",2008,"nichtdeutsch",2791,78.7084038353074
"21 Pasing - Obermenzing",2009,"nichtdeutsch",2967,83.6717428087986
"21 Pasing - Obermenzing",2010,"nichtdeutsch",3340,94.1906373378455
"21 Pasing - Obermenzing",2011,"nichtdeutsch",3739,105.442752397067
"21 Pasing - Obermenzing",2012,"nichtdeutsch",4125,116.328257191201
"21 Pasing - Obermenzing",2013,"nichtdeutsch",4512,127.241962774958
"21 Pasing - Obermenzing",2014,"nichtdeutsch",4565,128.736604624929
"21 Pasing - Obermenzing",2015,"nichtdeutsch",5072,143.034404963339
"21 Pasing - Obermenzing",2016,"nichtdeutsch",5251,148.082346305697
"21 Pasing - Obermenzing",2017,"nichtdeutsch",5102,143.880428652002
"21 Pasing - Obermenzing",2018,"nichtdeutsch",5215,147.067117879301
"21 Pasing - Obermenzing",2019,"nichtdeutsch",5777,162.915961646926
"21 Pasing - Obermenzing",2020,"nichtdeutsch",4724,133.220530174845
"21 Pasing - Obermenzing",2021,"nichtdeutsch",4969,140.129723632262
"21 Pasing - Obermenzing",2022,"nichtdeutsch",7093,200.028200789622
"21 Pasing - Obermenzing",2023,"nichtdeutsch",6088,171.686407219402
"21 Pasing - Obermenzing",2024,"nichtdeutsch",5407,152.481669486746
"22 Aubing - Lochhausen - Langwied",2000,"deutsch",2492,100
"22 Aubing - Lochhausen - Langwied",2001,"deutsch",2425,97.3113964686998
"22 Aubing - Lochhausen - Langwied",2002,"deutsch",2248,90.2086677367576
"22 Aubing - Lochhausen - Langwied",2003,"deutsch",2624,105.29695024077
"22 Aubing - Lochhausen - Langwied",2004,"deutsch",2698,108.266452648475
"22 Aubing - Lochhausen - Langwied",2005,"deutsch",2629,105.497592295345
"22 Aubing - Lochhausen - Langwied",2006,"deutsch",2784,111.717495987159
"22 Aubing - Lochhausen - Langwied",2007,"deutsch",2796,112.199036918138
"22 Aubing - Lochhausen - Langwied",2008,"deutsch",2888,115.890850722311
"22 Aubing - Lochhausen - Langwied",2009,"deutsch",2809,112.720706260032
"22 Aubing - Lochhausen - Langwied",2010,"deutsch",2832,113.643659711075
"22 Aubing - Lochhausen - Langwied",2011,"deutsch",2995,120.184590690209
"22 Aubing - Lochhausen - Langwied",2012,"deutsch",3103,124.518459069021
"22 Aubing - Lochhausen - Langwied",2013,"deutsch",2964,118.940609951846
"22 Aubing - Lochhausen - Langwied",2014,"deutsch",2439,97.8731942215088
"22 Aubing - Lochhausen - Langwied",2015,"deutsch",2702,108.426966292135
"22 Aubing - Lochhausen - Langwied",2016,"deutsch",2714,108.908507223114
"22 Aubing - Lochhausen - Langwied",2017,"deutsch",2545,102.126805778491
"22 Aubing - Lochhausen - Langwied",2018,"deutsch",2848,114.285714285714
"22 Aubing - Lochhausen - Langwied",2019,"deutsch",2761,110.794542536116
"22 Aubing - Lochhausen - Langwied",2020,"deutsch",3014,120.947030497592
"22 Aubing - Lochhausen - Langwied",2021,"deutsch",3198,128.330658105939
"22 Aubing - Lochhausen - Langwied",2022,"deutsch",3609,144.823434991974
"22 Aubing - Lochhausen - Langwied",2023,"deutsch",3665,147.07062600321
"22 Aubing - Lochhausen - Langwied",2024,"deutsch",3644,146.227929373997
"22 Aubing - Lochhausen - Langwied",2000,"nichtdeutsch",1806,100
"22 Aubing - Lochhausen - Langwied",2001,"nichtdeutsch",1852,102.547065337763
"22 Aubing - Lochhausen - Langwied",2002,"nichtdeutsch",1887,104.485049833887
"22 Aubing - Lochhausen - Langwied",2003,"nichtdeutsch",1983,109.800664451827
"22 Aubing - Lochhausen - Langwied",2004,"nichtdeutsch",1883,104.263565891473
"22 Aubing - Lochhausen - Langwied",2005,"nichtdeutsch",1664,92.1373200442968
"22 Aubing - Lochhausen - Langwied",2006,"nichtdeutsch",1510,83.6101882613511
"22 Aubing - Lochhausen - Langwied",2007,"nichtdeutsch",1423,78.7929125138428
"22 Aubing - Lochhausen - Langwied",2008,"nichtdeutsch",1556,86.1572535991141
"22 Aubing - Lochhausen - Langwied",2009,"nichtdeutsch",1554,86.046511627907
"22 Aubing - Lochhausen - Langwied",2010,"nichtdeutsch",1927,106.699889258029
"22 Aubing - Lochhausen - Langwied",2011,"nichtdeutsch",2101,116.334440753045
"22 Aubing - Lochhausen - Langwied",2012,"nichtdeutsch",2516,139.313399778516
"22 Aubing - Lochhausen - Langwied",2013,"nichtdeutsch",2836,157.03211517165
"22 Aubing - Lochhausen - Langwied",2014,"nichtdeutsch",2936,162.569213732004
"22 Aubing - Lochhausen - Langwied",2015,"nichtdeutsch",3296,182.50276854928
"22 Aubing - Lochhausen - Langwied",2016,"nichtdeutsch",4669,258.527131782946
"22 Aubing - Lochhausen - Langwied",2017,"nichtdeutsch",4529,250.77519379845
"22 Aubing - Lochhausen - Langwied",2018,"nichtdeutsch",4425,245.016611295681
"22 Aubing - Lochhausen - Langwied",2019,"nichtdeutsch",4306,238.427464008859
"22 Aubing - Lochhausen - Langwied",2020,"nichtdeutsch",3537,195.847176079734
"22 Aubing - Lochhausen - Langwied",2021,"nichtdeutsch",3944,218.383167220377
"22 Aubing - Lochhausen - Langwied",2022,"nichtdeutsch",5937,328.737541528239
"22 Aubing - Lochhausen - Langwied",2023,"nichtdeutsch",5908,327.131782945736
"22 Aubing - Lochhausen - Langwied",2024,"nichtdeutsch",6269,347.120708748616
"23 Allach - Untermenzing",2000,"deutsch",1921,100
"23 Allach - Untermenzing",2001,"deutsch",1864,97.0327954190526
"23 Allach - Untermenzing",2002,"deutsch",1837,95.6272774596564
"23 Allach - Untermenzing",2003,"deutsch",2155,112.1811556481
"23 Allach - Untermenzing",2004,"deutsch",2219,115.512753774076
"23 Allach - Untermenzing",2005,"deutsch",2240,116.605934409162
"23 Allach - Untermenzing",2006,"deutsch",2239,116.553878188444
"23 Allach - Untermenzing",2007,"deutsch",2283,118.844351900052
"23 Allach - Untermenzing",2008,"deutsch",2609,135.814679854243
"23 Allach - Untermenzing",2009,"deutsch",2365,123.112961998959
"23 Allach - Untermenzing",2010,"deutsch",2339,121.759500260281
"23 Allach - Untermenzing",2011,"deutsch",2367,123.217074440396
"23 Allach - Untermenzing",2012,"deutsch",2235,116.34565330557
"23 Allach - Untermenzing",2013,"deutsch",2099,109.266007287871
"23 Allach - Untermenzing",2014,"deutsch",2152,112.024986985945
"23 Allach - Untermenzing",2015,"deutsch",1974,102.758979698074
"23 Allach - Untermenzing",2016,"deutsch",1921,100
"23 Allach - Untermenzing",2017,"deutsch",1811,94.2738157209787
"23 Allach - Untermenzing",2018,"deutsch",2036,105.986465382613
"23 Allach - Untermenzing",2019,"deutsch",2155,112.1811556481
"23 Allach - Untermenzing",2020,"deutsch",1849,96.2519521082769
"23 Allach - Untermenzing",2021,"deutsch",2492,129.724102030193
"23 Allach - Untermenzing",2022,"deutsch",2106,109.6304008329
"23 Allach - Untermenzing",2023,"deutsch",1867,97.1889640812077
"23 Allach - Untermenzing",2024,"deutsch",1961,102.082248828735
"23 Allach - Untermenzing",2000,"nichtdeutsch",1512,100
"23 Allach - Untermenzing",2001,"nichtdeutsch",1336,88.3597883597884
"23 Allach - Untermenzing",2002,"nichtdeutsch",1156,76.4550264550265
"23 Allach - Untermenzing",2003,"nichtdeutsch",1131,74.8015873015873
"23 Allach - Untermenzing",2004,"nichtdeutsch",1561,103.240740740741
"23 Allach - Untermenzing",2005,"nichtdeutsch",1276,84.3915343915344
"23 Allach - Untermenzing",2006,"nichtdeutsch",1176,77.7777777777778
"23 Allach - Untermenzing",2007,"nichtdeutsch",1233,81.5476190476191
"23 Allach - Untermenzing",2008,"nichtdeutsch",1130,74.7354497354497
"23 Allach - Untermenzing",2009,"nichtdeutsch",1199,79.2989417989418
"23 Allach - Untermenzing",2010,"nichtdeutsch",1311,86.7063492063492
"23 Allach - Untermenzing",2011,"nichtdeutsch",1577,104.298941798942
"23 Allach - Untermenzing",2012,"nichtdeutsch",1898,125.529100529101
"23 Allach - Untermenzing",2013,"nichtdeutsch",1855,122.685185185185
"23 Allach - Untermenzing",2014,"nichtdeutsch",2041,134.986772486772
"23 Allach - Untermenzing",2015,"nichtdeutsch",2122,140.343915343915
"23 Allach - Untermenzing",2016,"nichtdeutsch",2380,157.407407407407
"23 Allach - Untermenzing",2017,"nichtdeutsch",3096,204.761904761905
"23 Allach - Untermenzing",2018,"nichtdeutsch",2915,192.791005291005
"23 Allach - Untermenzing",2019,"nichtdeutsch",3283,217.12962962963
"23 Allach - Untermenzing",2020,"nichtdeutsch",2016,133.333333333333
"23 Allach - Untermenzing",2021,"nichtdeutsch",2395,158.399470899471
"23 Allach - Untermenzing",2022,"nichtdeutsch",3582,236.904761904762
"23 Allach - Untermenzing",2023,"nichtdeutsch",2868,189.68253968254
"23 Allach - Untermenzing",2024,"nichtdeutsch",2473,163.558201058201
"24 Feldmoching - Hasenbergl",2000,"deutsch",4093,100
"24 Feldmoching - Hasenbergl",2001,"deutsch",3236,79.0618128512094
"24 Feldmoching - Hasenbergl",2002,"deutsch",3213,78.499877840215
"24 Feldmoching - Hasenbergl",2003,"deutsch",3345,81.7248961641828
"24 Feldmoching - Hasenbergl",2004,"deutsch",3353,81.9203518201808
"24 Feldmoching - Hasenbergl",2005,"deutsch",3603,88.0283410701197
"24 Feldmoching - Hasenbergl",2006,"deutsch",3828,93.5255313950647
"24 Feldmoching - Hasenbergl",2007,"deutsch",3936,96.1641827510384
"24 Feldmoching - Hasenbergl",2008,"deutsch",3691,90.1783532860982
"24 Feldmoching - Hasenbergl",2009,"deutsch",3529,86.2203762521378
"24 Feldmoching - Hasenbergl",2010,"deutsch",3578,87.4175421451258
"24 Feldmoching - Hasenbergl",2011,"deutsch",3572,87.2709504031273
"24 Feldmoching - Hasenbergl",2012,"deutsch",3318,81.0652333251893
"24 Feldmoching - Hasenbergl",2013,"deutsch",3320,81.1140972391889
"24 Feldmoching - Hasenbergl",2014,"deutsch",3023,73.8578060102614
"24 Feldmoching - Hasenbergl",2015,"deutsch",3055,74.6396286342536
"24 Feldmoching - Hasenbergl",2016,"deutsch",2961,72.3430246762766
"24 Feldmoching - Hasenbergl",2017,"deutsch",2773,67.7498167603225
"24 Feldmoching - Hasenbergl",2018,"deutsch",2876,70.2663083312973
"24 Feldmoching - Hasenbergl",2019,"deutsch",2812,68.702663083313
"24 Feldmoching - Hasenbergl",2020,"deutsch",2792,68.2140239433179
"24 Feldmoching - Hasenbergl",2021,"deutsch",2996,73.198143171268
"24 Feldmoching - Hasenbergl",2022,"deutsch",2576,62.9367212313706
"24 Feldmoching - Hasenbergl",2023,"deutsch",2615,63.8895675543611
"24 Feldmoching - Hasenbergl",2024,"deutsch",2794,68.2628878573174
"24 Feldmoching - Hasenbergl",2000,"nichtdeutsch",3921,100
"24 Feldmoching - Hasenbergl",2001,"nichtdeutsch",3577,91.226727875542
"24 Feldmoching - Hasenbergl",2002,"nichtdeutsch",3386,86.3555215506248
"24 Feldmoching - Hasenbergl",2003,"nichtdeutsch",3323,84.7487885743433
"24 Feldmoching - Hasenbergl",2004,"nichtdeutsch",3660,93.3435348125478
"24 Feldmoching - Hasenbergl",2005,"nichtdeutsch",3544,90.3851058403469
"24 Feldmoching - Hasenbergl",2006,"nichtdeutsch",3558,90.7421576128539
"24 Feldmoching - Hasenbergl",2007,"nichtdeutsch",3687,94.0321346595256
"24 Feldmoching - Hasenbergl",2008,"nichtdeutsch",3452,88.038765621015
"24 Feldmoching - Hasenbergl",2009,"nichtdeutsch",3281,83.6776332568222
"24 Feldmoching - Hasenbergl",2010,"nichtdeutsch",3771,96.1744452945677
"24 Feldmoching - Hasenbergl",2011,"nichtdeutsch",4006,102.167814333078
"24 Feldmoching - Hasenbergl",2012,"nichtdeutsch",4255,108.518235144096
"24 Feldmoching - Hasenbergl",2013,"nichtdeutsch",4772,121.703647028819
"24 Feldmoching - Hasenbergl",2014,"nichtdeutsch",4574,116.653914817649
"24 Feldmoching - Hasenbergl",2015,"nichtdeutsch",5133,130.910482019893
"24 Feldmoching - Hasenbergl",2016,"nichtdeutsch",5027,128.207090028054
"24 Feldmoching - Hasenbergl",2017,"nichtdeutsch",4441,113.261922978832
"24 Feldmoching - Hasenbergl",2018,"nichtdeutsch",4601,117.342514664626
"24 Feldmoching - Hasenbergl",2019,"nichtdeutsch",4577,116.730425911757
"24 Feldmoching - Hasenbergl",2020,"nichtdeutsch",3895,99.3369038510584
"24 Feldmoching - Hasenbergl",2021,"nichtdeutsch",4373,111.527671512369
"24 Feldmoching - Hasenbergl",2022,"nichtdeutsch",5410,137.975006375924
"24 Feldmoching - Hasenbergl",2023,"nichtdeutsch",4791,122.188217291507
"24 Feldmoching - Hasenbergl",2024,"nichtdeutsch",4854,123.794950267789
"25 Laim",2000,"deutsch",4191,100
"25 Laim",2001,"deutsch",3926,93.6769267477929
"25 Laim",2002,"deutsch",3682,87.854927225006
"25 Laim",2003,"deutsch",3923,93.6053447864471
"25 Laim",2004,"deutsch",4061,96.8981150083512
"25 Laim",2005,"deutsch",4025,96.0391314722023
"25 Laim",2006,"deutsch",4439,105.917442137915
"25 Laim",2007,"deutsch",4463,106.490097828681
"25 Laim",2008,"deutsch",4969,118.563588642329
"25 Laim",2009,"deutsch",4787,114.220949654021
"25 Laim",2010,"deutsch",4723,112.693867811978
"25 Laim",2011,"deutsch",4630,110.47482701026
"25 Laim",2012,"deutsch",4124,98.4013361966118
"25 Laim",2013,"deutsch",3876,92.4838940586972
"25 Laim",2014,"deutsch",3983,95.036984013362
"25 Laim",2015,"deutsch",4135,98.6638033882128
"25 Laim",2016,"deutsch",4062,96.9219756621331
"25 Laim",2017,"deutsch",3734,89.0956812216655
"25 Laim",2018,"deutsch",3645,86.9720830350752
"25 Laim",2019,"deutsch",3733,89.0718205678836
"25 Laim",2020,"deutsch",3524,84.0849439274636
"25 Laim",2021,"deutsch",3826,91.2908613696015
"25 Laim",2022,"deutsch",3524,84.0849439274636
"25 Laim",2023,"deutsch",3182,75.9246003340492
"25 Laim",2024,"deutsch",3347,79.8616082080649
"25 Laim",2000,"nichtdeutsch",2413,100
"25 Laim",2001,"nichtdeutsch",2474,102.527973477
"25 Laim",2002,"nichtdeutsch",2235,92.6232905097389
"25 Laim",2003,"nichtdeutsch",2472,102.445089100705
"25 Laim",2004,"nichtdeutsch",2688,111.396601740572
"25 Laim",2005,"nichtdeutsch",2528,104.765851636966
"25 Laim",2006,"nichtdeutsch",2393,99.1711562370493
"25 Laim",2007,"nichtdeutsch",2612,108.246995441359
"25 Laim",2008,"nichtdeutsch",2583,107.045171985081
"25 Laim",2009,"nichtdeutsch",2652,109.904682967261
"25 Laim",2010,"nichtdeutsch",2856,118.358889349358
"25 Laim",2011,"nichtdeutsch",3198,132.532117695814
"25 Laim",2012,"nichtdeutsch",3163,131.081641110651
"25 Laim",2013,"nichtdeutsch",3506,145.296311645255
"25 Laim",2014,"nichtdeutsch",3547,146.995441359304
"25 Laim",2015,"nichtdeutsch",3842,159.220886862826
"25 Laim",2016,"nichtdeutsch",3861,160.00828843763
"25 Laim",2017,"nichtdeutsch",3924,162.619146290924
"25 Laim",2018,"nichtdeutsch",3705,153.543307086614
"25 Laim",2019,"nichtdeutsch",3757,155.698300870286
"25 Laim",2020,"nichtdeutsch",3192,132.283464566929
"25 Laim",2021,"nichtdeutsch",3734,154.745130542893
"25 Laim",2022,"nichtdeutsch",5065,209.904682967261
"25 Laim",2023,"nichtdeutsch",4059,168.213841690841
"25 Laim",2024,"nichtdeutsch",3799,157.438872772482
