"Jahr","Raumbezug","Ausprägung","Zuzuege"
2000,"01 Altstadt - Lehel","deutsch",2263
2000,"01 Altstadt - Lehel","nichtdeutsch",1700
2000,"02 Ludwigsvorstadt - Isarvorstadt","deutsch",5624
2000,"02 Ludwigsvorstadt - Isarvorstadt","nichtdeutsch",4964
2000,"03 Maxvorstadt","deutsch",4679
2000,"03 Maxvorstadt","nichtdeutsch",3545
2000,"04 Schwabing - West","deutsch",5339
2000,"04 Schwabing - West","nichtdeutsch",3889
2000,"05 Au - Haidhausen","deutsch",5279
2000,"05 Au - Haidhausen","nichtdeutsch",3662
2000,"06 Sendling","deutsch",3149
2000,"06 Sendling","nichtdeutsch",2348
2000,"07 Sendling - Westpark","deutsch",3810
2000,"07 Sendling - Westpark","nichtdeutsch",3069
2000,"08 Schwanthalerhöhe","deutsch",2097
2000,"08 Schwanthalerhöhe","nichtdeutsch",2520
2000,"09 Neuhausen - Nymphenburg","deutsch",7334
2000,"09 Neuhausen - Nymphenburg","nichtdeutsch",5816
2000,"10 Moosach","deutsch",3469
2000,"10 Moosach","nichtdeutsch",3381
2000,"11 Milbertshofen - Am Hart","deutsch",5253
2000,"11 Milbertshofen - Am Hart","nichtdeutsch",6316
2000,"12 Schwabing - Freimann","deutsch",5744
2000,"12 Schwabing - Freimann","nichtdeutsch",4669
2000,"13 Bogenhausen","deutsch",5981
2000,"13 Bogenhausen","nichtdeutsch",3876
2000,"14 Berg am Laim","deutsch",3381
2000,"14 Berg am Laim","nichtdeutsch",2871
2000,"15 Trudering - Riem","deutsch",4680
2000,"15 Trudering - Riem","nichtdeutsch",2692
2000,"16 Ramersdorf - Perlach","deutsch",7029
2000,"16 Ramersdorf - Perlach","nichtdeutsch",6213
2000,"17 Obergiesing - Fasangarten","deutsch",4026
2000,"17 Obergiesing - Fasangarten","nichtdeutsch",4849
2000,"18 Untergiesing - Harlaching","deutsch",4858
2000,"18 Untergiesing - Harlaching","nichtdeutsch",2730
2000,"19 Thalkirchen - Obersendling - Forstenried - Fürstenried - Solln","deutsch",6826
2000,"19 Thalkirchen - Obersendling - Forstenried - Fürstenried - Solln","nichtdeutsch",4205
2000,"20 Hadern","deutsch",3182
2000,"20 Hadern","nichtdeutsch",1875
2000,"21 Pasing - Obermenzing","deutsch",5360
2000,"21 Pasing - Obermenzing","nichtdeutsch",3546
2000,"22 Aubing - Lochhausen - Langwied","deutsch",2492
2000,"22 Aubing - Lochhausen - Langwied","nichtdeutsch",1806
2000,"23 Allach - Untermenzing","deutsch",1921
2000,"23 Allach - Untermenzing","nichtdeutsch",1512
2000,"24 Feldmoching - Hasenbergl","deutsch",4093
2000,"24 Feldmoching - Hasenbergl","nichtdeutsch",3921
2000,"25 Laim","deutsch",4191
2000,"25 Laim","nichtdeutsch",2413
2001,"01 Altstadt - Lehel","deutsch",2133
2001,"01 Altstadt - Lehel","nichtdeutsch",1565
2001,"02 Ludwigsvorstadt - Isarvorstadt","deutsch",5296
2001,"02 Ludwigsvorstadt - Isarvorstadt","nichtdeutsch",4901
2001,"03 Maxvorstadt","deutsch",4589
2001,"03 Maxvorstadt","nichtdeutsch",3787
2001,"04 Schwabing - West","deutsch",4906
2001,"04 Schwabing - West","nichtdeutsch",4206
2001,"05 Au - Haidhausen","deutsch",5008
2001,"05 Au - Haidhausen","nichtdeutsch",3694
2001,"06 Sendling","deutsch",3476
2001,"06 Sendling","nichtdeutsch",2422
2001,"07 Sendling - Westpark","deutsch",3644
2001,"07 Sendling - Westpark","nichtdeutsch",2984
2001,"08 Schwanthalerhöhe","deutsch",2142
2001,"08 Schwanthalerhöhe","nichtdeutsch",2625
2001,"09 Neuhausen - Nymphenburg","deutsch",7193
2001,"09 Neuhausen - Nymphenburg","nichtdeutsch",6031
2001,"10 Moosach","deutsch",3434
2001,"10 Moosach","nichtdeutsch",3201
2001,"11 Milbertshofen - Am Hart","deutsch",4668
2001,"11 Milbertshofen - Am Hart","nichtdeutsch",6031
2001,"12 Schwabing - Freimann","deutsch",5512
2001,"12 Schwabing - Freimann","nichtdeutsch",5045
2001,"13 Bogenhausen","deutsch",6055
2001,"13 Bogenhausen","nichtdeutsch",3562
2001,"14 Berg am Laim","deutsch",3049
2001,"14 Berg am Laim","nichtdeutsch",2622
2001,"15 Trudering - Riem","deutsch",4568
2001,"15 Trudering - Riem","nichtdeutsch",3039
2001,"16 Ramersdorf - Perlach","deutsch",6739
2001,"16 Ramersdorf - Perlach","nichtdeutsch",6203
2001,"17 Obergiesing - Fasangarten","deutsch",4157
2001,"17 Obergiesing - Fasangarten","nichtdeutsch",5270
2001,"18 Untergiesing - Harlaching","deutsch",4840
2001,"18 Untergiesing - Harlaching","nichtdeutsch",2790
2001,"19 Thalkirchen - Obersendling - Forstenried - Fürstenried - Solln","deutsch",6418
2001,"19 Thalkirchen - Obersendling - Forstenried - Fürstenried - Solln","nichtdeutsch",4418
2001,"20 Hadern","deutsch",2927
2001,"20 Hadern","nichtdeutsch",2027
2001,"21 Pasing - Obermenzing","deutsch",5073
2001,"21 Pasing - Obermenzing","nichtdeutsch",3326
2001,"22 Aubing - Lochhausen - Langwied","deutsch",2425
2001,"22 Aubing - Lochhausen - Langwied","nichtdeutsch",1852
2001,"23 Allach - Untermenzing","deutsch",1864
2001,"23 Allach - Untermenzing","nichtdeutsch",1336
2001,"24 Feldmoching - Hasenbergl","deutsch",3236
2001,"24 Feldmoching - Hasenbergl","nichtdeutsch",3577
2001,"25 Laim","deutsch",3926
2001,"25 Laim","nichtdeutsch",2474
2002,"01 Altstadt - Lehel","deutsch",2060
2002,"01 Altstadt - Lehel","nichtdeutsch",1354
2002,"02 Ludwigsvorstadt - Isarvorstadt","deutsch",5088
2002,"02 Ludwigsvorstadt - Isarvorstadt","nichtdeutsch",4731
2002,"03 Maxvorstadt","deutsch",4468
2002,"03 Maxvorstadt","nichtdeutsch",3658
2002,"04 Schwabing - West","deutsch",5001
2002,"04 Schwabing - West","nichtdeutsch",3780
2002,"05 Au - Haidhausen","deutsch",4842
2002,"05 Au - Haidhausen","nichtdeutsch",3709
2002,"06 Sendling","deutsch",3367
2002,"06 Sendling","nichtdeutsch",2303
2002,"07 Sendling - Westpark","deutsch",3597
2002,"07 Sendling - Westpark","nichtdeutsch",2540
2002,"08 Schwanthalerhöhe","deutsch",2119
2002,"08 Schwanthalerhöhe","nichtdeutsch",2553
2002,"09 Neuhausen - Nymphenburg","deutsch",7208
2002,"09 Neuhausen - Nymphenburg","nichtdeutsch",5598
2002,"10 Moosach","deutsch",3132
2002,"10 Moosach","nichtdeutsch",2860
2002,"11 Milbertshofen - Am Hart","deutsch",4428
2002,"11 Milbertshofen - Am Hart","nichtdeutsch",5881
2002,"12 Schwabing - Freimann","deutsch",5240
2002,"12 Schwabing - Freimann","nichtdeutsch",5169
2002,"13 Bogenhausen","deutsch",6006
2002,"13 Bogenhausen","nichtdeutsch",3588
2002,"14 Berg am Laim","deutsch",2836
2002,"14 Berg am Laim","nichtdeutsch",2285
2002,"15 Trudering - Riem","deutsch",4305
2002,"15 Trudering - Riem","nichtdeutsch",3138
2002,"16 Ramersdorf - Perlach","deutsch",6244
2002,"16 Ramersdorf - Perlach","nichtdeutsch",5589
2002,"17 Obergiesing - Fasangarten","deutsch",3815
2002,"17 Obergiesing - Fasangarten","nichtdeutsch",4771
2002,"18 Untergiesing - Harlaching","deutsch",4459
2002,"18 Untergiesing - Harlaching","nichtdeutsch",2658
2002,"19 Thalkirchen - Obersendling - Forstenried - Fürstenried - Solln","deutsch",5898
2002,"19 Thalkirchen - Obersendling - Forstenried - Fürstenried - Solln","nichtdeutsch",4283
2002,"20 Hadern","deutsch",3181
2002,"20 Hadern","nichtdeutsch",2197
2002,"21 Pasing - Obermenzing","deutsch",4731
2002,"21 Pasing - Obermenzing","nichtdeutsch",3438
2002,"22 Aubing - Lochhausen - Langwied","deutsch",2248
2002,"22 Aubing - Lochhausen - Langwied","nichtdeutsch",1887
2002,"23 Allach - Untermenzing","deutsch",1837
2002,"23 Allach - Untermenzing","nichtdeutsch",1156
2002,"24 Feldmoching - Hasenbergl","deutsch",3213
2002,"24 Feldmoching - Hasenbergl","nichtdeutsch",3386
2002,"25 Laim","deutsch",3682
2002,"25 Laim","nichtdeutsch",2235
2003,"01 Altstadt - Lehel","deutsch",1959
2003,"01 Altstadt - Lehel","nichtdeutsch",1349
2003,"02 Ludwigsvorstadt - Isarvorstadt","deutsch",5073
2003,"02 Ludwigsvorstadt - Isarvorstadt","nichtdeutsch",4448
2003,"03 Maxvorstadt","deutsch",4579
2003,"03 Maxvorstadt","nichtdeutsch",3462
2003,"04 Schwabing - West","deutsch",5178
2003,"04 Schwabing - West","nichtdeutsch",4238
2003,"05 Au - Haidhausen","deutsch",4918
2003,"05 Au - Haidhausen","nichtdeutsch",3511
2003,"06 Sendling","deutsch",3231
2003,"06 Sendling","nichtdeutsch",2288
2003,"07 Sendling - Westpark","deutsch",3823
2003,"07 Sendling - Westpark","nichtdeutsch",2747
2003,"08 Schwanthalerhöhe","deutsch",2188
2003,"08 Schwanthalerhöhe","nichtdeutsch",2497
2003,"09 Neuhausen - Nymphenburg","deutsch",7188
2003,"09 Neuhausen - Nymphenburg","nichtdeutsch",5415
2003,"10 Moosach","deutsch",3230
2003,"10 Moosach","nichtdeutsch",3055
2003,"11 Milbertshofen - Am Hart","deutsch",4452
2003,"11 Milbertshofen - Am Hart","nichtdeutsch",6612
2003,"12 Schwabing - Freimann","deutsch",5189
2003,"12 Schwabing - Freimann","nichtdeutsch",5139
2003,"13 Bogenhausen","deutsch",6029
2003,"13 Bogenhausen","nichtdeutsch",3973
2003,"14 Berg am Laim","deutsch",2738
2003,"14 Berg am Laim","nichtdeutsch",2198
2003,"15 Trudering - Riem","deutsch",4266
2003,"15 Trudering - Riem","nichtdeutsch",3528
2003,"16 Ramersdorf - Perlach","deutsch",6790
2003,"16 Ramersdorf - Perlach","nichtdeutsch",6136
2003,"17 Obergiesing - Fasangarten","deutsch",4002
2003,"17 Obergiesing - Fasangarten","nichtdeutsch",4303
2003,"18 Untergiesing - Harlaching","deutsch",4730
2003,"18 Untergiesing - Harlaching","nichtdeutsch",2748
2003,"19 Thalkirchen - Obersendling - Forstenried - Fürstenried - Solln","deutsch",6190
2003,"19 Thalkirchen - Obersendling - Forstenried - Fürstenried - Solln","nichtdeutsch",3981
2003,"20 Hadern","deutsch",2945
2003,"20 Hadern","nichtdeutsch",2226
2003,"21 Pasing - Obermenzing","deutsch",5344
2003,"21 Pasing - Obermenzing","nichtdeutsch",3595
2003,"22 Aubing - Lochhausen - Langwied","deutsch",2624
2003,"22 Aubing - Lochhausen - Langwied","nichtdeutsch",1983
2003,"23 Allach - Untermenzing","deutsch",2155
2003,"23 Allach - Untermenzing","nichtdeutsch",1131
2003,"24 Feldmoching - Hasenbergl","deutsch",3345
2003,"24 Feldmoching - Hasenbergl","nichtdeutsch",3323
2003,"25 Laim","deutsch",3923
2003,"25 Laim","nichtdeutsch",2472
2004,"01 Altstadt - Lehel","deutsch",2084
2004,"01 Altstadt - Lehel","nichtdeutsch",1328
2004,"02 Ludwigsvorstadt - Isarvorstadt","deutsch",5505
2004,"02 Ludwigsvorstadt - Isarvorstadt","nichtdeutsch",4667
2004,"03 Maxvorstadt","deutsch",5144
2004,"03 Maxvorstadt","nichtdeutsch",3587
2004,"04 Schwabing - West","deutsch",6320
2004,"04 Schwabing - West","nichtdeutsch",4490
2004,"05 Au - Haidhausen","deutsch",5491
2004,"05 Au - Haidhausen","nichtdeutsch",3697
2004,"06 Sendling","deutsch",3668
2004,"06 Sendling","nichtdeutsch",2552
2004,"07 Sendling - Westpark","deutsch",4092
2004,"07 Sendling - Westpark","nichtdeutsch",3102
2004,"08 Schwanthalerhöhe","deutsch",2764
2004,"08 Schwanthalerhöhe","nichtdeutsch",2401
2004,"09 Neuhausen - Nymphenburg","deutsch",7888
2004,"09 Neuhausen - Nymphenburg","nichtdeutsch",6039
2004,"10 Moosach","deutsch",3373
2004,"10 Moosach","nichtdeutsch",3351
2004,"11 Milbertshofen - Am Hart","deutsch",5384
2004,"11 Milbertshofen - Am Hart","nichtdeutsch",7013
2004,"12 Schwabing - Freimann","deutsch",5394
2004,"12 Schwabing - Freimann","nichtdeutsch",5189
2004,"13 Bogenhausen","deutsch",6534
2004,"13 Bogenhausen","nichtdeutsch",3768
2004,"14 Berg am Laim","deutsch",3131
2004,"14 Berg am Laim","nichtdeutsch",2297
2004,"15 Trudering - Riem","deutsch",4589
2004,"15 Trudering - Riem","nichtdeutsch",2798
2004,"16 Ramersdorf - Perlach","deutsch",6731
2004,"16 Ramersdorf - Perlach","nichtdeutsch",6248
2004,"17 Obergiesing - Fasangarten","deutsch",4307
2004,"17 Obergiesing - Fasangarten","nichtdeutsch",4709
2004,"18 Untergiesing - Harlaching","deutsch",4726
2004,"18 Untergiesing - Harlaching","nichtdeutsch",2708
2004,"19 Thalkirchen - Obersendling - Forstenried - Fürstenried - Solln","deutsch",6618
2004,"19 Thalkirchen - Obersendling - Forstenried - Fürstenried - Solln","nichtdeutsch",4303
2004,"20 Hadern","deutsch",3336
2004,"20 Hadern","nichtdeutsch",2347
2004,"21 Pasing - Obermenzing","deutsch",5515
2004,"21 Pasing - Obermenzing","nichtdeutsch",3618
2004,"22 Aubing - Lochhausen - Langwied","deutsch",2698
2004,"22 Aubing - Lochhausen - Langwied","nichtdeutsch",1883
2004,"23 Allach - Untermenzing","deutsch",2219
2004,"23 Allach - Untermenzing","nichtdeutsch",1561
2004,"24 Feldmoching - Hasenbergl","deutsch",3353
2004,"24 Feldmoching - Hasenbergl","nichtdeutsch",3660
2004,"25 Laim","deutsch",4061
2004,"25 Laim","nichtdeutsch",2688
2005,"01 Altstadt - Lehel","deutsch",2205
2005,"01 Altstadt - Lehel","nichtdeutsch",1322
2005,"02 Ludwigsvorstadt - Isarvorstadt","deutsch",5416
2005,"02 Ludwigsvorstadt - Isarvorstadt","nichtdeutsch",4718
2005,"03 Maxvorstadt","deutsch",5175
2005,"03 Maxvorstadt","nichtdeutsch",3401
2005,"04 Schwabing - West","deutsch",5998
2005,"04 Schwabing - West","nichtdeutsch",3839
2005,"05 Au - Haidhausen","deutsch",6117
2005,"05 Au - Haidhausen","nichtdeutsch",3379
2005,"06 Sendling","deutsch",3494
2005,"06 Sendling","nichtdeutsch",2433
2005,"07 Sendling - Westpark","deutsch",4307
2005,"07 Sendling - Westpark","nichtdeutsch",2838
2005,"08 Schwanthalerhöhe","deutsch",2426
2005,"08 Schwanthalerhöhe","nichtdeutsch",2200
2005,"09 Neuhausen - Nymphenburg","deutsch",7902
2005,"09 Neuhausen - Nymphenburg","nichtdeutsch",5444
2005,"10 Moosach","deutsch",3244
2005,"10 Moosach","nichtdeutsch",3218
2005,"11 Milbertshofen - Am Hart","deutsch",5212
2005,"11 Milbertshofen - Am Hart","nichtdeutsch",7310
2005,"12 Schwabing - Freimann","deutsch",5700
2005,"12 Schwabing - Freimann","nichtdeutsch",4981
2005,"13 Bogenhausen","deutsch",6484
2005,"13 Bogenhausen","nichtdeutsch",3709
2005,"14 Berg am Laim","deutsch",2998
2005,"14 Berg am Laim","nichtdeutsch",2380
2005,"15 Trudering - Riem","deutsch",5376
2005,"15 Trudering - Riem","nichtdeutsch",2830
2005,"16 Ramersdorf - Perlach","deutsch",6946
2005,"16 Ramersdorf - Perlach","nichtdeutsch",5960
2005,"17 Obergiesing - Fasangarten","deutsch",4606
2005,"17 Obergiesing - Fasangarten","nichtdeutsch",3289
2005,"18 Untergiesing - Harlaching","deutsch",5061
2005,"18 Untergiesing - Harlaching","nichtdeutsch",2764
2005,"19 Thalkirchen - Obersendling - Forstenried - Fürstenried - Solln","deutsch",6833
2005,"19 Thalkirchen - Obersendling - Forstenried - Fürstenried - Solln","nichtdeutsch",5086
2005,"20 Hadern","deutsch",3346
2005,"20 Hadern","nichtdeutsch",2261
2005,"21 Pasing - Obermenzing","deutsch",5502
2005,"21 Pasing - Obermenzing","nichtdeutsch",3368
2005,"22 Aubing - Lochhausen - Langwied","deutsch",2629
2005,"22 Aubing - Lochhausen - Langwied","nichtdeutsch",1664
2005,"23 Allach - Untermenzing","deutsch",2240
2005,"23 Allach - Untermenzing","nichtdeutsch",1276
2005,"24 Feldmoching - Hasenbergl","deutsch",3603
2005,"24 Feldmoching - Hasenbergl","nichtdeutsch",3544
2005,"25 Laim","deutsch",4025
2005,"25 Laim","nichtdeutsch",2528
2006,"01 Altstadt - Lehel","deutsch",2165
2006,"01 Altstadt - Lehel","nichtdeutsch",1173
2006,"02 Ludwigsvorstadt - Isarvorstadt","deutsch",5733
2006,"02 Ludwigsvorstadt - Isarvorstadt","nichtdeutsch",4187
2006,"03 Maxvorstadt","deutsch",6387
2006,"03 Maxvorstadt","nichtdeutsch",3644
2006,"04 Schwabing - West","deutsch",6969
2006,"04 Schwabing - West","nichtdeutsch",3701
2006,"05 Au - Haidhausen","deutsch",6209
2006,"05 Au - Haidhausen","nichtdeutsch",3161
2006,"06 Sendling","deutsch",3738
2006,"06 Sendling","nichtdeutsch",2296
2006,"07 Sendling - Westpark","deutsch",4346
2006,"07 Sendling - Westpark","nichtdeutsch",2629
2006,"08 Schwanthalerhöhe","deutsch",2477
2006,"08 Schwanthalerhöhe","nichtdeutsch",1946
2006,"09 Neuhausen - Nymphenburg","deutsch",8476
2006,"09 Neuhausen - Nymphenburg","nichtdeutsch",4988
2006,"10 Moosach","deutsch",3321
2006,"10 Moosach","nichtdeutsch",2753
2006,"11 Milbertshofen - Am Hart","deutsch",5320
2006,"11 Milbertshofen - Am Hart","nichtdeutsch",6296
2006,"12 Schwabing - Freimann","deutsch",6129
2006,"12 Schwabing - Freimann","nichtdeutsch",4823
2006,"13 Bogenhausen","deutsch",6406
2006,"13 Bogenhausen","nichtdeutsch",3424
2006,"14 Berg am Laim","deutsch",3077
2006,"14 Berg am Laim","nichtdeutsch",2172
2006,"15 Trudering - Riem","deutsch",5599
2006,"15 Trudering - Riem","nichtdeutsch",2799
2006,"16 Ramersdorf - Perlach","deutsch",6720
2006,"16 Ramersdorf - Perlach","nichtdeutsch",5700
2006,"17 Obergiesing - Fasangarten","deutsch",4944
2006,"17 Obergiesing - Fasangarten","nichtdeutsch",3964
2006,"18 Untergiesing - Harlaching","deutsch",5209
2006,"18 Untergiesing - Harlaching","nichtdeutsch",2541
2006,"19 Thalkirchen - Obersendling - Forstenried - Fürstenried - Solln","deutsch",7084
2006,"19 Thalkirchen - Obersendling - Forstenried - Fürstenried - Solln","nichtdeutsch",4861
2006,"20 Hadern","deutsch",3259
2006,"20 Hadern","nichtdeutsch",2084
2006,"21 Pasing - Obermenzing","deutsch",5295
2006,"21 Pasing - Obermenzing","nichtdeutsch",2760
2006,"22 Aubing - Lochhausen - Langwied","deutsch",2784
2006,"22 Aubing - Lochhausen - Langwied","nichtdeutsch",1510
2006,"23 Allach - Untermenzing","deutsch",2239
2006,"23 Allach - Untermenzing","nichtdeutsch",1176
2006,"24 Feldmoching - Hasenbergl","deutsch",3828
2006,"24 Feldmoching - Hasenbergl","nichtdeutsch",3558
2006,"25 Laim","deutsch",4439
2006,"25 Laim","nichtdeutsch",2393
2007,"01 Altstadt - Lehel","deutsch",2231
2007,"01 Altstadt - Lehel","nichtdeutsch",1307
2007,"02 Ludwigsvorstadt - Isarvorstadt","deutsch",5949
2007,"02 Ludwigsvorstadt - Isarvorstadt","nichtdeutsch",4398
2007,"03 Maxvorstadt","deutsch",6612
2007,"03 Maxvorstadt","nichtdeutsch",3501
2007,"04 Schwabing - West","deutsch",7233
2007,"04 Schwabing - West","nichtdeutsch",3649
2007,"05 Au - Haidhausen","deutsch",6473
2007,"05 Au - Haidhausen","nichtdeutsch",2874
2007,"06 Sendling","deutsch",3994
2007,"06 Sendling","nichtdeutsch",2266
2007,"07 Sendling - Westpark","deutsch",4817
2007,"07 Sendling - Westpark","nichtdeutsch",2551
2007,"08 Schwanthalerhöhe","deutsch",2768
2007,"08 Schwanthalerhöhe","nichtdeutsch",2104
2007,"09 Neuhausen - Nymphenburg","deutsch",8980
2007,"09 Neuhausen - Nymphenburg","nichtdeutsch",4891
2007,"10 Moosach","deutsch",3695
2007,"10 Moosach","nichtdeutsch",2916
2007,"11 Milbertshofen - Am Hart","deutsch",5508
2007,"11 Milbertshofen - Am Hart","nichtdeutsch",6501
2007,"12 Schwabing - Freimann","deutsch",6657
2007,"12 Schwabing - Freimann","nichtdeutsch",4677
2007,"13 Bogenhausen","deutsch",6514
2007,"13 Bogenhausen","nichtdeutsch",3433
2007,"14 Berg am Laim","deutsch",3491
2007,"14 Berg am Laim","nichtdeutsch",2534
2007,"15 Trudering - Riem","deutsch",5921
2007,"15 Trudering - Riem","nichtdeutsch",2778
2007,"16 Ramersdorf - Perlach","deutsch",7157
2007,"16 Ramersdorf - Perlach","nichtdeutsch",5778
2007,"17 Obergiesing - Fasangarten","deutsch",4865
2007,"17 Obergiesing - Fasangarten","nichtdeutsch",3765
2007,"18 Untergiesing - Harlaching","deutsch",5615
2007,"18 Untergiesing - Harlaching","nichtdeutsch",2675
2007,"19 Thalkirchen - Obersendling - Forstenried - Fürstenried - Solln","deutsch",7580
2007,"19 Thalkirchen - Obersendling - Forstenried - Fürstenried - Solln","nichtdeutsch",5276
2007,"20 Hadern","deutsch",3530
2007,"20 Hadern","nichtdeutsch",2459
2007,"21 Pasing - Obermenzing","deutsch",5857
2007,"21 Pasing - Obermenzing","nichtdeutsch",2991
2007,"22 Aubing - Lochhausen - Langwied","deutsch",2796
2007,"22 Aubing - Lochhausen - Langwied","nichtdeutsch",1423
2007,"23 Allach - Untermenzing","deutsch",2283
2007,"23 Allach - Untermenzing","nichtdeutsch",1233
2007,"24 Feldmoching - Hasenbergl","deutsch",3936
2007,"24 Feldmoching - Hasenbergl","nichtdeutsch",3687
2007,"25 Laim","deutsch",4463
2007,"25 Laim","nichtdeutsch",2612
2008,"01 Altstadt - Lehel","deutsch",2308
2008,"01 Altstadt - Lehel","nichtdeutsch",1377
2008,"02 Ludwigsvorstadt - Isarvorstadt","deutsch",6245
2008,"02 Ludwigsvorstadt - Isarvorstadt","nichtdeutsch",4766
2008,"03 Maxvorstadt","deutsch",6794
2008,"03 Maxvorstadt","nichtdeutsch",3353
2008,"04 Schwabing - West","deutsch",7377
2008,"04 Schwabing - West","nichtdeutsch",3496
2008,"05 Au - Haidhausen","deutsch",6412
2008,"05 Au - Haidhausen","nichtdeutsch",3085
2008,"06 Sendling","deutsch",3942
2008,"06 Sendling","nichtdeutsch",2392
2008,"07 Sendling - Westpark","deutsch",4947
2008,"07 Sendling - Westpark","nichtdeutsch",2596
2008,"08 Schwanthalerhöhe","deutsch",3134
2008,"08 Schwanthalerhöhe","nichtdeutsch",2534
2008,"09 Neuhausen - Nymphenburg","deutsch",8897
2008,"09 Neuhausen - Nymphenburg","nichtdeutsch",5197
2008,"10 Moosach","deutsch",3642
2008,"10 Moosach","nichtdeutsch",2908
2008,"11 Milbertshofen - Am Hart","deutsch",5642
2008,"11 Milbertshofen - Am Hart","nichtdeutsch",6068
2008,"12 Schwabing - Freimann","deutsch",6748
2008,"12 Schwabing - Freimann","nichtdeutsch",4828
2008,"13 Bogenhausen","deutsch",6436
2008,"13 Bogenhausen","nichtdeutsch",3352
2008,"14 Berg am Laim","deutsch",3244
2008,"14 Berg am Laim","nichtdeutsch",2489
2008,"15 Trudering - Riem","deutsch",6075
2008,"15 Trudering - Riem","nichtdeutsch",2955
2008,"16 Ramersdorf - Perlach","deutsch",7248
2008,"16 Ramersdorf - Perlach","nichtdeutsch",5973
2008,"17 Obergiesing - Fasangarten","deutsch",4960
2008,"17 Obergiesing - Fasangarten","nichtdeutsch",3902
2008,"18 Untergiesing - Harlaching","deutsch",5485
2008,"18 Untergiesing - Harlaching","nichtdeutsch",2628
2008,"19 Thalkirchen - Obersendling - Forstenried - Fürstenried - Solln","deutsch",7289
2008,"19 Thalkirchen - Obersendling - Forstenried - Fürstenried - Solln","nichtdeutsch",4944
2008,"20 Hadern","deutsch",3615
2008,"20 Hadern","nichtdeutsch",2376
2008,"21 Pasing - Obermenzing","deutsch",5704
2008,"21 Pasing - Obermenzing","nichtdeutsch",2791
2008,"22 Aubing - Lochhausen - Langwied","deutsch",2888
2008,"22 Aubing - Lochhausen - Langwied","nichtdeutsch",1556
2008,"23 Allach - Untermenzing","deutsch",2609
2008,"23 Allach - Untermenzing","nichtdeutsch",1130
2008,"24 Feldmoching - Hasenbergl","deutsch",3691
2008,"24 Feldmoching - Hasenbergl","nichtdeutsch",3452
2008,"25 Laim","deutsch",4969
2008,"25 Laim","nichtdeutsch",2583
2009,"01 Altstadt - Lehel","deutsch",2343
2009,"01 Altstadt - Lehel","nichtdeutsch",1295
2009,"02 Ludwigsvorstadt - Isarvorstadt","deutsch",6177
2009,"02 Ludwigsvorstadt - Isarvorstadt","nichtdeutsch",4923
2009,"03 Maxvorstadt","deutsch",6570
2009,"03 Maxvorstadt","nichtdeutsch",3921
2009,"04 Schwabing - West","deutsch",6743
2009,"04 Schwabing - West","nichtdeutsch",3637
2009,"05 Au - Haidhausen","deutsch",6237
2009,"05 Au - Haidhausen","nichtdeutsch",3187
2009,"06 Sendling","deutsch",3983
2009,"06 Sendling","nichtdeutsch",2434
2009,"07 Sendling - Westpark","deutsch",4768
2009,"07 Sendling - Westpark","nichtdeutsch",2730
2009,"08 Schwanthalerhöhe","deutsch",2945
2009,"08 Schwanthalerhöhe","nichtdeutsch",2247
2009,"09 Neuhausen - Nymphenburg","deutsch",9909
2009,"09 Neuhausen - Nymphenburg","nichtdeutsch",5548
2009,"10 Moosach","deutsch",3693
2009,"10 Moosach","nichtdeutsch",3734
2009,"11 Milbertshofen - Am Hart","deutsch",5491
2009,"11 Milbertshofen - Am Hart","nichtdeutsch",6225
2009,"12 Schwabing - Freimann","deutsch",6491
2009,"12 Schwabing - Freimann","nichtdeutsch",4752
2009,"13 Bogenhausen","deutsch",6579
2009,"13 Bogenhausen","nichtdeutsch",3569
2009,"14 Berg am Laim","deutsch",3282
2009,"14 Berg am Laim","nichtdeutsch",2397
2009,"15 Trudering - Riem","deutsch",5736
2009,"15 Trudering - Riem","nichtdeutsch",3073
2009,"16 Ramersdorf - Perlach","deutsch",6905
2009,"16 Ramersdorf - Perlach","nichtdeutsch",5784
2009,"17 Obergiesing - Fasangarten","deutsch",4755
2009,"17 Obergiesing - Fasangarten","nichtdeutsch",4468
2009,"18 Untergiesing - Harlaching","deutsch",5339
2009,"18 Untergiesing - Harlaching","nichtdeutsch",2673
2009,"19 Thalkirchen - Obersendling - Forstenried - Fürstenried - Solln","deutsch",7403
2009,"19 Thalkirchen - Obersendling - Forstenried - Fürstenried - Solln","nichtdeutsch",5751
2009,"20 Hadern","deutsch",3802
2009,"20 Hadern","nichtdeutsch",2492
2009,"21 Pasing - Obermenzing","deutsch",5745
2009,"21 Pasing - Obermenzing","nichtdeutsch",2967
2009,"22 Aubing - Lochhausen - Langwied","deutsch",2809
2009,"22 Aubing - Lochhausen - Langwied","nichtdeutsch",1554
2009,"23 Allach - Untermenzing","deutsch",2365
2009,"23 Allach - Untermenzing","nichtdeutsch",1199
2009,"24 Feldmoching - Hasenbergl","deutsch",3529
2009,"24 Feldmoching - Hasenbergl","nichtdeutsch",3281
2009,"25 Laim","deutsch",4787
2009,"25 Laim","nichtdeutsch",2652
2010,"01 Altstadt - Lehel","deutsch",2382
2010,"01 Altstadt - Lehel","nichtdeutsch",1366
2010,"02 Ludwigsvorstadt - Isarvorstadt","deutsch",6237
2010,"02 Ludwigsvorstadt - Isarvorstadt","nichtdeutsch",4805
2010,"03 Maxvorstadt","deutsch",6689
2010,"03 Maxvorstadt","nichtdeutsch",4045
2010,"04 Schwabing - West","deutsch",6874
2010,"04 Schwabing - West","nichtdeutsch",3771
2010,"05 Au - Haidhausen","deutsch",6180
2010,"05 Au - Haidhausen","nichtdeutsch",3261
2010,"06 Sendling","deutsch",3986
2010,"06 Sendling","nichtdeutsch",2361
2010,"07 Sendling - Westpark","deutsch",4431
2010,"07 Sendling - Westpark","nichtdeutsch",2831
2010,"08 Schwanthalerhöhe","deutsch",2773
2010,"08 Schwanthalerhöhe","nichtdeutsch",2299
2010,"09 Neuhausen - Nymphenburg","deutsch",9103
2010,"09 Neuhausen - Nymphenburg","nichtdeutsch",5613
2010,"10 Moosach","deutsch",3357
2010,"10 Moosach","nichtdeutsch",3982
2010,"11 Milbertshofen - Am Hart","deutsch",5485
2010,"11 Milbertshofen - Am Hart","nichtdeutsch",6871
2010,"12 Schwabing - Freimann","deutsch",7142
2010,"12 Schwabing - Freimann","nichtdeutsch",5225
2010,"13 Bogenhausen","deutsch",6689
2010,"13 Bogenhausen","nichtdeutsch",3583
2010,"14 Berg am Laim","deutsch",3590
2010,"14 Berg am Laim","nichtdeutsch",2595
2010,"15 Trudering - Riem","deutsch",5283
2010,"15 Trudering - Riem","nichtdeutsch",3180
2010,"16 Ramersdorf - Perlach","deutsch",6935
2010,"16 Ramersdorf - Perlach","nichtdeutsch",6312
2010,"17 Obergiesing - Fasangarten","deutsch",5062
2010,"17 Obergiesing - Fasangarten","nichtdeutsch",4504
2010,"18 Untergiesing - Harlaching","deutsch",5221
2010,"18 Untergiesing - Harlaching","nichtdeutsch",2914
2010,"19 Thalkirchen - Obersendling - Forstenried - Fürstenried - Solln","deutsch",7135
2010,"19 Thalkirchen - Obersendling - Forstenried - Fürstenried - Solln","nichtdeutsch",6283
2010,"20 Hadern","deutsch",3753
2010,"20 Hadern","nichtdeutsch",2451
2010,"21 Pasing - Obermenzing","deutsch",6045
2010,"21 Pasing - Obermenzing","nichtdeutsch",3340
2010,"22 Aubing - Lochhausen - Langwied","deutsch",2832
2010,"22 Aubing - Lochhausen - Langwied","nichtdeutsch",1927
2010,"23 Allach - Untermenzing","deutsch",2339
2010,"23 Allach - Untermenzing","nichtdeutsch",1311
2010,"24 Feldmoching - Hasenbergl","deutsch",3578
2010,"24 Feldmoching - Hasenbergl","nichtdeutsch",3771
2010,"25 Laim","deutsch",4723
2010,"25 Laim","nichtdeutsch",2856
2011,"01 Altstadt - Lehel","deutsch",2352
2011,"01 Altstadt - Lehel","nichtdeutsch",1573
2011,"02 Ludwigsvorstadt - Isarvorstadt","deutsch",5954
2011,"02 Ludwigsvorstadt - Isarvorstadt","nichtdeutsch",4915
2011,"03 Maxvorstadt","deutsch",6102
2011,"03 Maxvorstadt","nichtdeutsch",3913
2011,"04 Schwabing - West","deutsch",6585
2011,"04 Schwabing - West","nichtdeutsch",4031
2011,"05 Au - Haidhausen","deutsch",6170
2011,"05 Au - Haidhausen","nichtdeutsch",3540
2011,"06 Sendling","deutsch",3645
2011,"06 Sendling","nichtdeutsch",2568
2011,"07 Sendling - Westpark","deutsch",4543
2011,"07 Sendling - Westpark","nichtdeutsch",3268
2011,"08 Schwanthalerhöhe","deutsch",2748
2011,"08 Schwanthalerhöhe","nichtdeutsch",2449
2011,"09 Neuhausen - Nymphenburg","deutsch",9536
2011,"09 Neuhausen - Nymphenburg","nichtdeutsch",6391
2011,"10 Moosach","deutsch",3494
2011,"10 Moosach","nichtdeutsch",4116
2011,"11 Milbertshofen - Am Hart","deutsch",5253
2011,"11 Milbertshofen - Am Hart","nichtdeutsch",7108
2011,"12 Schwabing - Freimann","deutsch",6874
2011,"12 Schwabing - Freimann","nichtdeutsch",5687
2011,"13 Bogenhausen","deutsch",6893
2011,"13 Bogenhausen","nichtdeutsch",4164
2011,"14 Berg am Laim","deutsch",3416
2011,"14 Berg am Laim","nichtdeutsch",2701
2011,"15 Trudering - Riem","deutsch",5229
2011,"15 Trudering - Riem","nichtdeutsch",3686
2011,"16 Ramersdorf - Perlach","deutsch",6858
2011,"16 Ramersdorf - Perlach","nichtdeutsch",6709
2011,"17 Obergiesing - Fasangarten","deutsch",5407
2011,"17 Obergiesing - Fasangarten","nichtdeutsch",4852
2011,"18 Untergiesing - Harlaching","deutsch",5032
2011,"18 Untergiesing - Harlaching","nichtdeutsch",3261
2011,"19 Thalkirchen - Obersendling - Forstenried - Fürstenried - Solln","deutsch",7089
2011,"19 Thalkirchen - Obersendling - Forstenried - Fürstenried - Solln","nichtdeutsch",7307
2011,"20 Hadern","deutsch",3581
2011,"20 Hadern","nichtdeutsch",2744
2011,"21 Pasing - Obermenzing","deutsch",5890
2011,"21 Pasing - Obermenzing","nichtdeutsch",3739
2011,"22 Aubing - Lochhausen - Langwied","deutsch",2995
2011,"22 Aubing - Lochhausen - Langwied","nichtdeutsch",2101
2011,"23 Allach - Untermenzing","deutsch",2367
2011,"23 Allach - Untermenzing","nichtdeutsch",1577
2011,"24 Feldmoching - Hasenbergl","deutsch",3572
2011,"24 Feldmoching - Hasenbergl","nichtdeutsch",4006
2011,"25 Laim","deutsch",4630
2011,"25 Laim","nichtdeutsch",3198
2012,"01 Altstadt - Lehel","deutsch",2051
2012,"01 Altstadt - Lehel","nichtdeutsch",1783
2012,"02 Ludwigsvorstadt - Isarvorstadt","deutsch",5588
2012,"02 Ludwigsvorstadt - Isarvorstadt","nichtdeutsch",5410
2012,"03 Maxvorstadt","deutsch",6092
2012,"03 Maxvorstadt","nichtdeutsch",4350
2012,"04 Schwabing - West","deutsch",6590
2012,"04 Schwabing - West","nichtdeutsch",4267
2012,"05 Au - Haidhausen","deutsch",6071
2012,"05 Au - Haidhausen","nichtdeutsch",3941
2012,"06 Sendling","deutsch",3418
2012,"06 Sendling","nichtdeutsch",2619
2012,"07 Sendling - Westpark","deutsch",4396
2012,"07 Sendling - Westpark","nichtdeutsch",3569
2012,"08 Schwanthalerhöhe","deutsch",2615
2012,"08 Schwanthalerhöhe","nichtdeutsch",2801
2012,"09 Neuhausen - Nymphenburg","deutsch",8325
2012,"09 Neuhausen - Nymphenburg","nichtdeutsch",6877
2012,"10 Moosach","deutsch",3428
2012,"10 Moosach","nichtdeutsch",4642
2012,"11 Milbertshofen - Am Hart","deutsch",4999
2012,"11 Milbertshofen - Am Hart","nichtdeutsch",7687
2012,"12 Schwabing - Freimann","deutsch",6482
2012,"12 Schwabing - Freimann","nichtdeutsch",6083
2012,"13 Bogenhausen","deutsch",6218
2012,"13 Bogenhausen","nichtdeutsch",4699
2012,"14 Berg am Laim","deutsch",3354
2012,"14 Berg am Laim","nichtdeutsch",2890
2012,"15 Trudering - Riem","deutsch",4683
2012,"15 Trudering - Riem","nichtdeutsch",3246
2012,"16 Ramersdorf - Perlach","deutsch",6191
2012,"16 Ramersdorf - Perlach","nichtdeutsch",6920
2012,"17 Obergiesing - Fasangarten","deutsch",4525
2012,"17 Obergiesing - Fasangarten","nichtdeutsch",4906
2012,"18 Untergiesing - Harlaching","deutsch",4818
2012,"18 Untergiesing - Harlaching","nichtdeutsch",3332
2012,"19 Thalkirchen - Obersendling - Forstenried - Fürstenried - Solln","deutsch",6985
2012,"19 Thalkirchen - Obersendling - Forstenried - Fürstenried - Solln","nichtdeutsch",8146
2012,"20 Hadern","deutsch",3083
2012,"20 Hadern","nichtdeutsch",2757
2012,"21 Pasing - Obermenzing","deutsch",5352
2012,"21 Pasing - Obermenzing","nichtdeutsch",4125
2012,"22 Aubing - Lochhausen - Langwied","deutsch",3103
2012,"22 Aubing - Lochhausen - Langwied","nichtdeutsch",2516
2012,"23 Allach - Untermenzing","deutsch",2235
2012,"23 Allach - Untermenzing","nichtdeutsch",1898
2012,"24 Feldmoching - Hasenbergl","deutsch",3318
2012,"24 Feldmoching - Hasenbergl","nichtdeutsch",4255
2012,"25 Laim","deutsch",4124
2012,"25 Laim","nichtdeutsch",3163
2013,"01 Altstadt - Lehel","deutsch",2154
2013,"01 Altstadt - Lehel","nichtdeutsch",1940
2013,"02 Ludwigsvorstadt - Isarvorstadt","deutsch",5344
2013,"02 Ludwigsvorstadt - Isarvorstadt","nichtdeutsch",6088
2013,"03 Maxvorstadt","deutsch",5712
2013,"03 Maxvorstadt","nichtdeutsch",4650
2013,"04 Schwabing - West","deutsch",6214
2013,"04 Schwabing - West","nichtdeutsch",4436
2013,"05 Au - Haidhausen","deutsch",5584
2013,"05 Au - Haidhausen","nichtdeutsch",4032
2013,"06 Sendling","deutsch",3312
2013,"06 Sendling","nichtdeutsch",2616
2013,"07 Sendling - Westpark","deutsch",4224
2013,"07 Sendling - Westpark","nichtdeutsch",3623
2013,"08 Schwanthalerhöhe","deutsch",2352
2013,"08 Schwanthalerhöhe","nichtdeutsch",2529
2013,"09 Neuhausen - Nymphenburg","deutsch",8317
2013,"09 Neuhausen - Nymphenburg","nichtdeutsch",7145
2013,"10 Moosach","deutsch",3738
2013,"10 Moosach","nichtdeutsch",5151
2013,"11 Milbertshofen - Am Hart","deutsch",4733
2013,"11 Milbertshofen - Am Hart","nichtdeutsch",7612
2013,"12 Schwabing - Freimann","deutsch",5724
2013,"12 Schwabing - Freimann","nichtdeutsch",6693
2013,"13 Bogenhausen","deutsch",6153
2013,"13 Bogenhausen","nichtdeutsch",4875
2013,"14 Berg am Laim","deutsch",2975
2013,"14 Berg am Laim","nichtdeutsch",2956
2013,"15 Trudering - Riem","deutsch",4385
2013,"15 Trudering - Riem","nichtdeutsch",3398
2013,"16 Ramersdorf - Perlach","deutsch",5963
2013,"16 Ramersdorf - Perlach","nichtdeutsch",7380
2013,"17 Obergiesing - Fasangarten","deutsch",4338
2013,"17 Obergiesing - Fasangarten","nichtdeutsch",4584
2013,"18 Untergiesing - Harlaching","deutsch",4577
2013,"18 Untergiesing - Harlaching","nichtdeutsch",3586
2013,"19 Thalkirchen - Obersendling - Forstenried - Fürstenried - Solln","deutsch",7183
2013,"19 Thalkirchen - Obersendling - Forstenried - Fürstenried - Solln","nichtdeutsch",14795
2013,"20 Hadern","deutsch",3188
2013,"20 Hadern","nichtdeutsch",3395
2013,"21 Pasing - Obermenzing","deutsch",5379
2013,"21 Pasing - Obermenzing","nichtdeutsch",4512
2013,"22 Aubing - Lochhausen - Langwied","deutsch",2964
2013,"22 Aubing - Lochhausen - Langwied","nichtdeutsch",2836
2013,"23 Allach - Untermenzing","deutsch",2099
2013,"23 Allach - Untermenzing","nichtdeutsch",1855
2013,"24 Feldmoching - Hasenbergl","deutsch",3320
2013,"24 Feldmoching - Hasenbergl","nichtdeutsch",4772
2013,"25 Laim","deutsch",3876
2013,"25 Laim","nichtdeutsch",3506
2014,"01 Altstadt - Lehel","deutsch",2028
2014,"01 Altstadt - Lehel","nichtdeutsch",1941
2014,"02 Ludwigsvorstadt - Isarvorstadt","deutsch",5277
2014,"02 Ludwigsvorstadt - Isarvorstadt","nichtdeutsch",6962
2014,"03 Maxvorstadt","deutsch",5768
2014,"03 Maxvorstadt","nichtdeutsch",4731
2014,"04 Schwabing - West","deutsch",6312
2014,"04 Schwabing - West","nichtdeutsch",4645
2014,"05 Au - Haidhausen","deutsch",5342
2014,"05 Au - Haidhausen","nichtdeutsch",4262
2014,"06 Sendling","deutsch",3235
2014,"06 Sendling","nichtdeutsch",3021
2014,"07 Sendling - Westpark","deutsch",4190
2014,"07 Sendling - Westpark","nichtdeutsch",3958
2014,"08 Schwanthalerhöhe","deutsch",2389
2014,"08 Schwanthalerhöhe","nichtdeutsch",2602
2014,"09 Neuhausen - Nymphenburg","deutsch",7897
2014,"09 Neuhausen - Nymphenburg","nichtdeutsch",6904
2014,"10 Moosach","deutsch",3324
2014,"10 Moosach","nichtdeutsch",4957
2014,"11 Milbertshofen - Am Hart","deutsch",4789
2014,"11 Milbertshofen - Am Hart","nichtdeutsch",8072
2014,"12 Schwabing - Freimann","deutsch",5825
2014,"12 Schwabing - Freimann","nichtdeutsch",13622
2014,"13 Bogenhausen","deutsch",6084
2014,"13 Bogenhausen","nichtdeutsch",5246
2014,"14 Berg am Laim","deutsch",2979
2014,"14 Berg am Laim","nichtdeutsch",3193
2014,"15 Trudering - Riem","deutsch",4315
2014,"15 Trudering - Riem","nichtdeutsch",3744
2014,"16 Ramersdorf - Perlach","deutsch",5978
2014,"16 Ramersdorf - Perlach","nichtdeutsch",8235
2014,"17 Obergiesing - Fasangarten","deutsch",4468
2014,"17 Obergiesing - Fasangarten","nichtdeutsch",4532
2014,"18 Untergiesing - Harlaching","deutsch",4462
2014,"18 Untergiesing - Harlaching","nichtdeutsch",3505
2014,"19 Thalkirchen - Obersendling - Forstenried - Fürstenried - Solln","deutsch",6719
2014,"19 Thalkirchen - Obersendling - Forstenried - Fürstenried - Solln","nichtdeutsch",7813
2014,"20 Hadern","deutsch",3044
2014,"20 Hadern","nichtdeutsch",3508
2014,"21 Pasing - Obermenzing","deutsch",5082
2014,"21 Pasing - Obermenzing","nichtdeutsch",4565
2014,"22 Aubing - Lochhausen - Langwied","deutsch",2439
2014,"22 Aubing - Lochhausen - Langwied","nichtdeutsch",2936
2014,"23 Allach - Untermenzing","deutsch",2152
2014,"23 Allach - Untermenzing","nichtdeutsch",2041
2014,"24 Feldmoching - Hasenbergl","deutsch",3023
2014,"24 Feldmoching - Hasenbergl","nichtdeutsch",4574
2014,"25 Laim","deutsch",3983
2014,"25 Laim","nichtdeutsch",3547
2015,"01 Altstadt - Lehel","deutsch",1936
2015,"01 Altstadt - Lehel","nichtdeutsch",1824
2015,"02 Ludwigsvorstadt - Isarvorstadt","deutsch",5638
2015,"02 Ludwigsvorstadt - Isarvorstadt","nichtdeutsch",7048
2015,"03 Maxvorstadt","deutsch",5787
2015,"03 Maxvorstadt","nichtdeutsch",5326
2015,"04 Schwabing - West","deutsch",6606
2015,"04 Schwabing - West","nichtdeutsch",4765
2015,"05 Au - Haidhausen","deutsch",5286
2015,"05 Au - Haidhausen","nichtdeutsch",4318
2015,"06 Sendling","deutsch",3267
2015,"06 Sendling","nichtdeutsch",2830
2015,"07 Sendling - Westpark","deutsch",4598
2015,"07 Sendling - Westpark","nichtdeutsch",4499
2015,"08 Schwanthalerhöhe","deutsch",2323
2015,"08 Schwanthalerhöhe","nichtdeutsch",2535
2015,"09 Neuhausen - Nymphenburg","deutsch",7820
2015,"09 Neuhausen - Nymphenburg","nichtdeutsch",7044
2015,"10 Moosach","deutsch",3324
2015,"10 Moosach","nichtdeutsch",4689
2015,"11 Milbertshofen - Am Hart","deutsch",4396
2015,"11 Milbertshofen - Am Hart","nichtdeutsch",8289
2015,"12 Schwabing - Freimann","deutsch",6648
2015,"12 Schwabing - Freimann","nichtdeutsch",10827
2015,"13 Bogenhausen","deutsch",5712
2015,"13 Bogenhausen","nichtdeutsch",6249
2015,"14 Berg am Laim","deutsch",2916
2015,"14 Berg am Laim","nichtdeutsch",3478
2015,"15 Trudering - Riem","deutsch",4616
2015,"15 Trudering - Riem","nichtdeutsch",4228
2015,"16 Ramersdorf - Perlach","deutsch",6102
2015,"16 Ramersdorf - Perlach","nichtdeutsch",8535
2015,"17 Obergiesing - Fasangarten","deutsch",4453
2015,"17 Obergiesing - Fasangarten","nichtdeutsch",4646
2015,"18 Untergiesing - Harlaching","deutsch",4176
2015,"18 Untergiesing - Harlaching","nichtdeutsch",4091
2015,"19 Thalkirchen - Obersendling - Forstenried - Fürstenried - Solln","deutsch",6735
2015,"19 Thalkirchen - Obersendling - Forstenried - Fürstenried - Solln","nichtdeutsch",7182
2015,"20 Hadern","deutsch",2790
2015,"20 Hadern","nichtdeutsch",3709
2015,"21 Pasing - Obermenzing","deutsch",5109
2015,"21 Pasing - Obermenzing","nichtdeutsch",5072
2015,"22 Aubing - Lochhausen - Langwied","deutsch",2702
2015,"22 Aubing - Lochhausen - Langwied","nichtdeutsch",3296
2015,"23 Allach - Untermenzing","deutsch",1974
2015,"23 Allach - Untermenzing","nichtdeutsch",2122
2015,"24 Feldmoching - Hasenbergl","deutsch",3055
2015,"24 Feldmoching - Hasenbergl","nichtdeutsch",5133
2015,"25 Laim","deutsch",4135
2015,"25 Laim","nichtdeutsch",3842
2016,"01 Altstadt - Lehel","deutsch",1974
2016,"01 Altstadt - Lehel","nichtdeutsch",1887
2016,"02 Ludwigsvorstadt - Isarvorstadt","deutsch",4845
2016,"02 Ludwigsvorstadt - Isarvorstadt","nichtdeutsch",5804
2016,"03 Maxvorstadt","deutsch",5382
2016,"03 Maxvorstadt","nichtdeutsch",5345
2016,"04 Schwabing - West","deutsch",6217
2016,"04 Schwabing - West","nichtdeutsch",4558
2016,"05 Au - Haidhausen","deutsch",4924
2016,"05 Au - Haidhausen","nichtdeutsch",4085
2016,"06 Sendling","deutsch",3210
2016,"06 Sendling","nichtdeutsch",2575
2016,"07 Sendling - Westpark","deutsch",4339
2016,"07 Sendling - Westpark","nichtdeutsch",3912
2016,"08 Schwanthalerhöhe","deutsch",2184
2016,"08 Schwanthalerhöhe","nichtdeutsch",2127
2016,"09 Neuhausen - Nymphenburg","deutsch",7676
2016,"09 Neuhausen - Nymphenburg","nichtdeutsch",6332
2016,"10 Moosach","deutsch",3194
2016,"10 Moosach","nichtdeutsch",4505
2016,"11 Milbertshofen - Am Hart","deutsch",4303
2016,"11 Milbertshofen - Am Hart","nichtdeutsch",8599
2016,"12 Schwabing - Freimann","deutsch",6665
2016,"12 Schwabing - Freimann","nichtdeutsch",12710
2016,"13 Bogenhausen","deutsch",5464
2016,"13 Bogenhausen","nichtdeutsch",6732
2016,"14 Berg am Laim","deutsch",2820
2016,"14 Berg am Laim","nichtdeutsch",2903
2016,"15 Trudering - Riem","deutsch",4091
2016,"15 Trudering - Riem","nichtdeutsch",4970
2016,"16 Ramersdorf - Perlach","deutsch",5623
2016,"16 Ramersdorf - Perlach","nichtdeutsch",7812
2016,"17 Obergiesing - Fasangarten","deutsch",3738
2016,"17 Obergiesing - Fasangarten","nichtdeutsch",4140
2016,"18 Untergiesing - Harlaching","deutsch",4295
2016,"18 Untergiesing - Harlaching","nichtdeutsch",4024
2016,"19 Thalkirchen - Obersendling - Forstenried - Fürstenried - Solln","deutsch",6024
2016,"19 Thalkirchen - Obersendling - Forstenried - Fürstenried - Solln","nichtdeutsch",8367
2016,"20 Hadern","deutsch",2805
2016,"20 Hadern","nichtdeutsch",3807
2016,"21 Pasing - Obermenzing","deutsch",5244
2016,"21 Pasing - Obermenzing","nichtdeutsch",5251
2016,"22 Aubing - Lochhausen - Langwied","deutsch",2714
2016,"22 Aubing - Lochhausen - Langwied","nichtdeutsch",4669
2016,"23 Allach - Untermenzing","deutsch",1921
2016,"23 Allach - Untermenzing","nichtdeutsch",2380
2016,"24 Feldmoching - Hasenbergl","deutsch",2961
2016,"24 Feldmoching - Hasenbergl","nichtdeutsch",5027
2016,"25 Laim","deutsch",4062
2016,"25 Laim","nichtdeutsch",3861
2017,"01 Altstadt - Lehel","deutsch",1808
2017,"01 Altstadt - Lehel","nichtdeutsch",1716
2017,"02 Ludwigsvorstadt - Isarvorstadt","deutsch",4773
2017,"02 Ludwigsvorstadt - Isarvorstadt","nichtdeutsch",5286
2017,"03 Maxvorstadt","deutsch",5277
2017,"03 Maxvorstadt","nichtdeutsch",4483
2017,"04 Schwabing - West","deutsch",5852
2017,"04 Schwabing - West","nichtdeutsch",4446
2017,"05 Au - Haidhausen","deutsch",5242
2017,"05 Au - Haidhausen","nichtdeutsch",3916
2017,"06 Sendling","deutsch",3191
2017,"06 Sendling","nichtdeutsch",2484
2017,"07 Sendling - Westpark","deutsch",4100
2017,"07 Sendling - Westpark","nichtdeutsch",3902
2017,"08 Schwanthalerhöhe","deutsch",2042
2017,"08 Schwanthalerhöhe","nichtdeutsch",2266
2017,"09 Neuhausen - Nymphenburg","deutsch",7081
2017,"09 Neuhausen - Nymphenburg","nichtdeutsch",6115
2017,"10 Moosach","deutsch",3094
2017,"10 Moosach","nichtdeutsch",4384
2017,"11 Milbertshofen - Am Hart","deutsch",4143
2017,"11 Milbertshofen - Am Hart","nichtdeutsch",7685
2017,"12 Schwabing - Freimann","deutsch",6212
2017,"12 Schwabing - Freimann","nichtdeutsch",11351
2017,"13 Bogenhausen","deutsch",5474
2017,"13 Bogenhausen","nichtdeutsch",5150
2017,"14 Berg am Laim","deutsch",2698
2017,"14 Berg am Laim","nichtdeutsch",2975
2017,"15 Trudering - Riem","deutsch",4512
2017,"15 Trudering - Riem","nichtdeutsch",4712
2017,"16 Ramersdorf - Perlach","deutsch",6442
2017,"16 Ramersdorf - Perlach","nichtdeutsch",7775
2017,"17 Obergiesing - Fasangarten","deutsch",3668
2017,"17 Obergiesing - Fasangarten","nichtdeutsch",4426
2017,"18 Untergiesing - Harlaching","deutsch",3986
2017,"18 Untergiesing - Harlaching","nichtdeutsch",3492
2017,"19 Thalkirchen - Obersendling - Forstenried - Fürstenried - Solln","deutsch",5994
2017,"19 Thalkirchen - Obersendling - Forstenried - Fürstenried - Solln","nichtdeutsch",7429
2017,"20 Hadern","deutsch",2614
2017,"20 Hadern","nichtdeutsch",3422
2017,"21 Pasing - Obermenzing","deutsch",4579
2017,"21 Pasing - Obermenzing","nichtdeutsch",5102
2017,"22 Aubing - Lochhausen - Langwied","deutsch",2545
2017,"22 Aubing - Lochhausen - Langwied","nichtdeutsch",4529
2017,"23 Allach - Untermenzing","deutsch",1811
2017,"23 Allach - Untermenzing","nichtdeutsch",3096
2017,"24 Feldmoching - Hasenbergl","deutsch",2773
2017,"24 Feldmoching - Hasenbergl","nichtdeutsch",4441
2017,"25 Laim","deutsch",3734
2017,"25 Laim","nichtdeutsch",3924
2018,"01 Altstadt - Lehel","deutsch",1922
2018,"01 Altstadt - Lehel","nichtdeutsch",1761
2018,"02 Ludwigsvorstadt - Isarvorstadt","deutsch",4880
2018,"02 Ludwigsvorstadt - Isarvorstadt","nichtdeutsch",4889
2018,"03 Maxvorstadt","deutsch",5509
2018,"03 Maxvorstadt","nichtdeutsch",4272
2018,"04 Schwabing - West","deutsch",5694
2018,"04 Schwabing - West","nichtdeutsch",4422
2018,"05 Au - Haidhausen","deutsch",5018
2018,"05 Au - Haidhausen","nichtdeutsch",3852
2018,"06 Sendling","deutsch",3134
2018,"06 Sendling","nichtdeutsch",2455
2018,"07 Sendling - Westpark","deutsch",3607
2018,"07 Sendling - Westpark","nichtdeutsch",3474
2018,"08 Schwanthalerhöhe","deutsch",2159
2018,"08 Schwanthalerhöhe","nichtdeutsch",2131
2018,"09 Neuhausen - Nymphenburg","deutsch",7508
2018,"09 Neuhausen - Nymphenburg","nichtdeutsch",6370
2018,"10 Moosach","deutsch",3086
2018,"10 Moosach","nichtdeutsch",4391
2018,"11 Milbertshofen - Am Hart","deutsch",4140
2018,"11 Milbertshofen - Am Hart","nichtdeutsch",7745
2018,"12 Schwabing - Freimann","deutsch",6252
2018,"12 Schwabing - Freimann","nichtdeutsch",10691
2018,"13 Bogenhausen","deutsch",6156
2018,"13 Bogenhausen","nichtdeutsch",5683
2018,"14 Berg am Laim","deutsch",2532
2018,"14 Berg am Laim","nichtdeutsch",2853
2018,"15 Trudering - Riem","deutsch",4120
2018,"15 Trudering - Riem","nichtdeutsch",4271
2018,"16 Ramersdorf - Perlach","deutsch",5890
2018,"16 Ramersdorf - Perlach","nichtdeutsch",7934
2018,"17 Obergiesing - Fasangarten","deutsch",3922
2018,"17 Obergiesing - Fasangarten","nichtdeutsch",4325
2018,"18 Untergiesing - Harlaching","deutsch",3986
2018,"18 Untergiesing - Harlaching","nichtdeutsch",3339
2018,"19 Thalkirchen - Obersendling - Forstenried - Fürstenried - Solln","deutsch",6417
2018,"19 Thalkirchen - Obersendling - Forstenried - Fürstenried - Solln","nichtdeutsch",7122
2018,"20 Hadern","deutsch",2656
2018,"20 Hadern","nichtdeutsch",3596
2018,"21 Pasing - Obermenzing","deutsch",4866
2018,"21 Pasing - Obermenzing","nichtdeutsch",5215
2018,"22 Aubing - Lochhausen - Langwied","deutsch",2848
2018,"22 Aubing - Lochhausen - Langwied","nichtdeutsch",4425
2018,"23 Allach - Untermenzing","deutsch",2036
2018,"23 Allach - Untermenzing","nichtdeutsch",2915
2018,"24 Feldmoching - Hasenbergl","deutsch",2876
2018,"24 Feldmoching - Hasenbergl","nichtdeutsch",4601
2018,"25 Laim","deutsch",3645
2018,"25 Laim","nichtdeutsch",3705
2019,"01 Altstadt - Lehel","deutsch",1903
2019,"01 Altstadt - Lehel","nichtdeutsch",1475
2019,"02 Ludwigsvorstadt - Isarvorstadt","deutsch",4784
2019,"02 Ludwigsvorstadt - Isarvorstadt","nichtdeutsch",4511
2019,"03 Maxvorstadt","deutsch",5409
2019,"03 Maxvorstadt","nichtdeutsch",4242
2019,"04 Schwabing - West","deutsch",5773
2019,"04 Schwabing - West","nichtdeutsch",4440
2019,"05 Au - Haidhausen","deutsch",4915
2019,"05 Au - Haidhausen","nichtdeutsch",3755
2019,"06 Sendling","deutsch",2993
2019,"06 Sendling","nichtdeutsch",2658
2019,"07 Sendling - Westpark","deutsch",3878
2019,"07 Sendling - Westpark","nichtdeutsch",3935
2019,"08 Schwanthalerhöhe","deutsch",2140
2019,"08 Schwanthalerhöhe","nichtdeutsch",1939
2019,"09 Neuhausen - Nymphenburg","deutsch",7661
2019,"09 Neuhausen - Nymphenburg","nichtdeutsch",6930
2019,"10 Moosach","deutsch",3097
2019,"10 Moosach","nichtdeutsch",4625
2019,"11 Milbertshofen - Am Hart","deutsch",4469
2019,"11 Milbertshofen - Am Hart","nichtdeutsch",8264
2019,"12 Schwabing - Freimann","deutsch",5596
2019,"12 Schwabing - Freimann","nichtdeutsch",9429
2019,"13 Bogenhausen","deutsch",6442
2019,"13 Bogenhausen","nichtdeutsch",5733
2019,"14 Berg am Laim","deutsch",2797
2019,"14 Berg am Laim","nichtdeutsch",3298
2019,"15 Trudering - Riem","deutsch",4015
2019,"15 Trudering - Riem","nichtdeutsch",4341
2019,"16 Ramersdorf - Perlach","deutsch",5684
2019,"16 Ramersdorf - Perlach","nichtdeutsch",8458
2019,"17 Obergiesing - Fasangarten","deutsch",3615
2019,"17 Obergiesing - Fasangarten","nichtdeutsch",3984
2019,"18 Untergiesing - Harlaching","deutsch",3925
2019,"18 Untergiesing - Harlaching","nichtdeutsch",3261
2019,"19 Thalkirchen - Obersendling - Forstenried - Fürstenried - Solln","deutsch",6315
2019,"19 Thalkirchen - Obersendling - Forstenried - Fürstenried - Solln","nichtdeutsch",7218
2019,"20 Hadern","deutsch",2506
2019,"20 Hadern","nichtdeutsch",3705
2019,"21 Pasing - Obermenzing","deutsch",5170
2019,"21 Pasing - Obermenzing","nichtdeutsch",5777
2019,"22 Aubing - Lochhausen - Langwied","deutsch",2761
2019,"22 Aubing - Lochhausen - Langwied","nichtdeutsch",4306
2019,"23 Allach - Untermenzing","deutsch",2155
2019,"23 Allach - Untermenzing","nichtdeutsch",3283
2019,"24 Feldmoching - Hasenbergl","deutsch",2812
2019,"24 Feldmoching - Hasenbergl","nichtdeutsch",4577
2019,"25 Laim","deutsch",3733
2019,"25 Laim","nichtdeutsch",3757
2020,"01 Altstadt - Lehel","deutsch",1860
2020,"01 Altstadt - Lehel","nichtdeutsch",1183
2020,"02 Ludwigsvorstadt - Isarvorstadt","deutsch",4643
2020,"02 Ludwigsvorstadt - Isarvorstadt","nichtdeutsch",3626
2020,"03 Maxvorstadt","deutsch",5368
2020,"03 Maxvorstadt","nichtdeutsch",3576
2020,"04 Schwabing - West","deutsch",5891
2020,"04 Schwabing - West","nichtdeutsch",3961
2020,"05 Au - Haidhausen","deutsch",5675
2020,"05 Au - Haidhausen","nichtdeutsch",3328
2020,"06 Sendling","deutsch",3048
2020,"06 Sendling","nichtdeutsch",2054
2020,"07 Sendling - Westpark","deutsch",3759
2020,"07 Sendling - Westpark","nichtdeutsch",3173
2020,"08 Schwanthalerhöhe","deutsch",2051
2020,"08 Schwanthalerhöhe","nichtdeutsch",1452
2020,"09 Neuhausen - Nymphenburg","deutsch",7477
2020,"09 Neuhausen - Nymphenburg","nichtdeutsch",5106
2020,"10 Moosach","deutsch",3365
2020,"10 Moosach","nichtdeutsch",3866
2020,"11 Milbertshofen - Am Hart","deutsch",3973
2020,"11 Milbertshofen - Am Hart","nichtdeutsch",6099
2020,"12 Schwabing - Freimann","deutsch",5485
2020,"12 Schwabing - Freimann","nichtdeutsch",11448
2020,"13 Bogenhausen","deutsch",6819
2020,"13 Bogenhausen","nichtdeutsch",5077
2020,"14 Berg am Laim","deutsch",2391
2020,"14 Berg am Laim","nichtdeutsch",2608
2020,"15 Trudering - Riem","deutsch",4432
2020,"15 Trudering - Riem","nichtdeutsch",4066
2020,"16 Ramersdorf - Perlach","deutsch",5516
2020,"16 Ramersdorf - Perlach","nichtdeutsch",6674
2020,"17 Obergiesing - Fasangarten","deutsch",3510
2020,"17 Obergiesing - Fasangarten","nichtdeutsch",3335
2020,"18 Untergiesing - Harlaching","deutsch",3979
2020,"18 Untergiesing - Harlaching","nichtdeutsch",2641
2020,"19 Thalkirchen - Obersendling - Forstenried - Fürstenried - Solln","deutsch",6538
2020,"19 Thalkirchen - Obersendling - Forstenried - Fürstenried - Solln","nichtdeutsch",6556
2020,"20 Hadern","deutsch",2529
2020,"20 Hadern","nichtdeutsch",2861
2020,"21 Pasing - Obermenzing","deutsch",5244
2020,"21 Pasing - Obermenzing","nichtdeutsch",4724
2020,"22 Aubing - Lochhausen - Langwied","deutsch",3014
2020,"22 Aubing - Lochhausen - Langwied","nichtdeutsch",3537
2020,"23 Allach - Untermenzing","deutsch",1849
2020,"23 Allach - Untermenzing","nichtdeutsch",2016
2020,"24 Feldmoching - Hasenbergl","deutsch",2792
2020,"24 Feldmoching - Hasenbergl","nichtdeutsch",3895
2020,"25 Laim","deutsch",3524
2020,"25 Laim","nichtdeutsch",3192
2021,"01 Altstadt - Lehel","deutsch",2149
2021,"01 Altstadt - Lehel","nichtdeutsch",1346
2021,"02 Ludwigsvorstadt - Isarvorstadt","deutsch",5319
2021,"02 Ludwigsvorstadt - Isarvorstadt","nichtdeutsch",4007
2021,"03 Maxvorstadt","deutsch",6005
2021,"03 Maxvorstadt","nichtdeutsch",4217
2021,"04 Schwabing - West","deutsch",6369
2021,"04 Schwabing - West","nichtdeutsch",4457
2021,"05 Au - Haidhausen","deutsch",5836
2021,"05 Au - Haidhausen","nichtdeutsch",3779
2021,"06 Sendling","deutsch",3386
2021,"06 Sendling","nichtdeutsch",2434
2021,"07 Sendling - Westpark","deutsch",4068
2021,"07 Sendling - Westpark","nichtdeutsch",3702
2021,"08 Schwanthalerhöhe","deutsch",2255
2021,"08 Schwanthalerhöhe","nichtdeutsch",1614
2021,"09 Neuhausen - Nymphenburg","deutsch",7744
2021,"09 Neuhausen - Nymphenburg","nichtdeutsch",5829
2021,"10 Moosach","deutsch",3139
2021,"10 Moosach","nichtdeutsch",4632
2021,"11 Milbertshofen - Am Hart","deutsch",3970
2021,"11 Milbertshofen - Am Hart","nichtdeutsch",7673
2021,"12 Schwabing - Freimann","deutsch",5518
2021,"12 Schwabing - Freimann","nichtdeutsch",15890
2021,"13 Bogenhausen","deutsch",6186
2021,"13 Bogenhausen","nichtdeutsch",5927
2021,"14 Berg am Laim","deutsch",2548
2021,"14 Berg am Laim","nichtdeutsch",3250
2021,"15 Trudering - Riem","deutsch",4695
2021,"15 Trudering - Riem","nichtdeutsch",4636
2021,"16 Ramersdorf - Perlach","deutsch",5843
2021,"16 Ramersdorf - Perlach","nichtdeutsch",7884
2021,"17 Obergiesing - Fasangarten","deutsch",3851
2021,"17 Obergiesing - Fasangarten","nichtdeutsch",3944
2021,"18 Untergiesing - Harlaching","deutsch",4294
2021,"18 Untergiesing - Harlaching","nichtdeutsch",3121
2021,"19 Thalkirchen - Obersendling - Forstenried - Fürstenried - Solln","deutsch",6491
2021,"19 Thalkirchen - Obersendling - Forstenried - Fürstenried - Solln","nichtdeutsch",7090
2021,"20 Hadern","deutsch",2879
2021,"20 Hadern","nichtdeutsch",3794
2021,"21 Pasing - Obermenzing","deutsch",5879
2021,"21 Pasing - Obermenzing","nichtdeutsch",4969
2021,"22 Aubing - Lochhausen - Langwied","deutsch",3198
2021,"22 Aubing - Lochhausen - Langwied","nichtdeutsch",3944
2021,"23 Allach - Untermenzing","deutsch",2492
2021,"23 Allach - Untermenzing","nichtdeutsch",2395
2021,"24 Feldmoching - Hasenbergl","deutsch",2996
2021,"24 Feldmoching - Hasenbergl","nichtdeutsch",4373
2021,"25 Laim","deutsch",3826
2021,"25 Laim","nichtdeutsch",3734
2022,"01 Altstadt - Lehel","deutsch",1662
2022,"01 Altstadt - Lehel","nichtdeutsch",2002
2022,"02 Ludwigsvorstadt - Isarvorstadt","deutsch",4707
2022,"02 Ludwigsvorstadt - Isarvorstadt","nichtdeutsch",5640
2022,"03 Maxvorstadt","deutsch",5229
2022,"03 Maxvorstadt","nichtdeutsch",6006
2022,"04 Schwabing - West","deutsch",5397
2022,"04 Schwabing - West","nichtdeutsch",5536
2022,"05 Au - Haidhausen","deutsch",5210
2022,"05 Au - Haidhausen","nichtdeutsch",4975
2022,"06 Sendling","deutsch",2896
2022,"06 Sendling","nichtdeutsch",2881
2022,"07 Sendling - Westpark","deutsch",3848
2022,"07 Sendling - Westpark","nichtdeutsch",5127
2022,"08 Schwanthalerhöhe","deutsch",1958
2022,"08 Schwanthalerhöhe","nichtdeutsch",2139
2022,"09 Neuhausen - Nymphenburg","deutsch",6940
2022,"09 Neuhausen - Nymphenburg","nichtdeutsch",7736
2022,"10 Moosach","deutsch",3035
2022,"10 Moosach","nichtdeutsch",5697
2022,"11 Milbertshofen - Am Hart","deutsch",3879
2022,"11 Milbertshofen - Am Hart","nichtdeutsch",9246
2022,"12 Schwabing - Freimann","deutsch",5041
2022,"12 Schwabing - Freimann","nichtdeutsch",20670
2022,"13 Bogenhausen","deutsch",5006
2022,"13 Bogenhausen","nichtdeutsch",9009
2022,"14 Berg am Laim","deutsch",2264
2022,"14 Berg am Laim","nichtdeutsch",4220
2022,"15 Trudering - Riem","deutsch",3967
2022,"15 Trudering - Riem","nichtdeutsch",6271
2022,"16 Ramersdorf - Perlach","deutsch",5346
2022,"16 Ramersdorf - Perlach","nichtdeutsch",9901
2022,"17 Obergiesing - Fasangarten","deutsch",3485
2022,"17 Obergiesing - Fasangarten","nichtdeutsch",4718
2022,"18 Untergiesing - Harlaching","deutsch",3957
2022,"18 Untergiesing - Harlaching","nichtdeutsch",4080
2022,"19 Thalkirchen - Obersendling - Forstenried - Fürstenried - Solln","deutsch",5869
2022,"19 Thalkirchen - Obersendling - Forstenried - Fürstenried - Solln","nichtdeutsch",9714
2022,"20 Hadern","deutsch",2576
2022,"20 Hadern","nichtdeutsch",4471
2022,"21 Pasing - Obermenzing","deutsch",5388
2022,"21 Pasing - Obermenzing","nichtdeutsch",7093
2022,"22 Aubing - Lochhausen - Langwied","deutsch",3609
2022,"22 Aubing - Lochhausen - Langwied","nichtdeutsch",5937
2022,"23 Allach - Untermenzing","deutsch",2106
2022,"23 Allach - Untermenzing","nichtdeutsch",3582
2022,"24 Feldmoching - Hasenbergl","deutsch",2576
2022,"24 Feldmoching - Hasenbergl","nichtdeutsch",5410
2022,"25 Laim","deutsch",3524
2022,"25 Laim","nichtdeutsch",5065
2023,"01 Altstadt - Lehel","deutsch",1829
2023,"01 Altstadt - Lehel","nichtdeutsch",1737
2023,"02 Ludwigsvorstadt - Isarvorstadt","deutsch",4263
2023,"02 Ludwigsvorstadt - Isarvorstadt","nichtdeutsch",4192
2023,"03 Maxvorstadt","deutsch",5037
2023,"03 Maxvorstadt","nichtdeutsch",4809
2023,"04 Schwabing - West","deutsch",5280
2023,"04 Schwabing - West","nichtdeutsch",4324
2023,"05 Au - Haidhausen","deutsch",5062
2023,"05 Au - Haidhausen","nichtdeutsch",3753
2023,"06 Sendling","deutsch",2678
2023,"06 Sendling","nichtdeutsch",2523
2023,"07 Sendling - Westpark","deutsch",3659
2023,"07 Sendling - Westpark","nichtdeutsch",4213
2023,"08 Schwanthalerhöhe","deutsch",1864
2023,"08 Schwanthalerhöhe","nichtdeutsch",1877
2023,"09 Neuhausen - Nymphenburg","deutsch",6852
2023,"09 Neuhausen - Nymphenburg","nichtdeutsch",6185
2023,"10 Moosach","deutsch",2696
2023,"10 Moosach","nichtdeutsch",4857
2023,"11 Milbertshofen - Am Hart","deutsch",3588
2023,"11 Milbertshofen - Am Hart","nichtdeutsch",8180
2023,"12 Schwabing - Freimann","deutsch",5234
2023,"12 Schwabing - Freimann","nichtdeutsch",23040
2023,"13 Bogenhausen","deutsch",4800
2023,"13 Bogenhausen","nichtdeutsch",8035
2023,"14 Berg am Laim","deutsch",2179
2023,"14 Berg am Laim","nichtdeutsch",3409
2023,"15 Trudering - Riem","deutsch",3767
2023,"15 Trudering - Riem","nichtdeutsch",4949
2023,"16 Ramersdorf - Perlach","deutsch",5517
2023,"16 Ramersdorf - Perlach","nichtdeutsch",9206
2023,"17 Obergiesing - Fasangarten","deutsch",3587
2023,"17 Obergiesing - Fasangarten","nichtdeutsch",3896
2023,"18 Untergiesing - Harlaching","deutsch",3730
2023,"18 Untergiesing - Harlaching","nichtdeutsch",3194
2023,"19 Thalkirchen - Obersendling - Forstenried - Fürstenried - Solln","deutsch",5848
2023,"19 Thalkirchen - Obersendling - Forstenried - Fürstenried - Solln","nichtdeutsch",8655
2023,"20 Hadern","deutsch",2628
2023,"20 Hadern","nichtdeutsch",3872
2023,"21 Pasing - Obermenzing","deutsch",4999
2023,"21 Pasing - Obermenzing","nichtdeutsch",6088
2023,"22 Aubing - Lochhausen - Langwied","deutsch",3665
2023,"22 Aubing - Lochhausen - Langwied","nichtdeutsch",5908
2023,"23 Allach - Untermenzing","deutsch",1867
2023,"23 Allach - Untermenzing","nichtdeutsch",2868
2023,"24 Feldmoching - Hasenbergl","deutsch",2615
2023,"24 Feldmoching - Hasenbergl","nichtdeutsch",4791
2023,"25 Laim","deutsch",3182
2023,"25 Laim","nichtdeutsch",4059
2024,"01 Altstadt - Lehel","deutsch",1696
2024,"01 Altstadt - Lehel","nichtdeutsch",1649
2024,"02 Ludwigsvorstadt - Isarvorstadt","deutsch",4373
2024,"02 Ludwigsvorstadt - Isarvorstadt","nichtdeutsch",3779
2024,"03 Maxvorstadt","deutsch",5149
2024,"03 Maxvorstadt","nichtdeutsch",4171
2024,"04 Schwabing - West","deutsch",5440
2024,"04 Schwabing - West","nichtdeutsch",4173
2024,"05 Au - Haidhausen","deutsch",4546
2024,"05 Au - Haidhausen","nichtdeutsch",3006
2024,"06 Sendling","deutsch",2784
2024,"06 Sendling","nichtdeutsch",2353
2024,"07 Sendling - Westpark","deutsch",3531
2024,"07 Sendling - Westpark","nichtdeutsch",4217
2024,"08 Schwanthalerhöhe","deutsch",1853
2024,"08 Schwanthalerhöhe","nichtdeutsch",1947
2024,"09 Neuhausen - Nymphenburg","deutsch",7135
2024,"09 Neuhausen - Nymphenburg","nichtdeutsch",6068
2024,"10 Moosach","deutsch",2543
2024,"10 Moosach","nichtdeutsch",4392
2024,"11 Milbertshofen - Am Hart","deutsch",3452
2024,"11 Milbertshofen - Am Hart","nichtdeutsch",7380
2024,"12 Schwabing - Freimann","deutsch",5043
2024,"12 Schwabing - Freimann","nichtdeutsch",14602
2024,"13 Bogenhausen","deutsch",4996
2024,"13 Bogenhausen","nichtdeutsch",7221
2024,"14 Berg am Laim","deutsch",2116
2024,"14 Berg am Laim","nichtdeutsch",3582
2024,"15 Trudering - Riem","deutsch",3786
2024,"15 Trudering - Riem","nichtdeutsch",4975
2024,"16 Ramersdorf - Perlach","deutsch",4975
2024,"16 Ramersdorf - Perlach","nichtdeutsch",8040
2024,"17 Obergiesing - Fasangarten","deutsch",3308
2024,"17 Obergiesing - Fasangarten","nichtdeutsch",4094
2024,"18 Untergiesing - Harlaching","deutsch",3547
2024,"18 Untergiesing - Harlaching","nichtdeutsch",3074
2024,"19 Thalkirchen - Obersendling - Forstenried - Fürstenried - Solln","deutsch",5939
2024,"19 Thalkirchen - Obersendling - Forstenried - Fürstenried - Solln","nichtdeutsch",8219
2024,"20 Hadern","deutsch",2319
2024,"20 Hadern","nichtdeutsch",3708
2024,"21 Pasing - Obermenzing","deutsch",4596
2024,"21 Pasing - Obermenzing","nichtdeutsch",5407
2024,"22 Aubing - Lochhausen - Langwied","deutsch",3644
2024,"22 Aubing - Lochhausen - Langwied","nichtdeutsch",6269
2024,"23 Allach - Untermenzing","deutsch",1961
2024,"23 Allach - Untermenzing","nichtdeutsch",2473
2024,"24 Feldmoching - Hasenbergl","deutsch",2794
2024,"24 Feldmoching - Hasenbergl","nichtdeutsch",4854
2024,"25 Laim","deutsch",3347
2024,"25 Laim","nichtdeutsch",3799
